,index,open_covid_region_code,region_name,date,cases_cumulative,cases_new,cases_cumulative_per_million,cases_new_per_million,deaths_cumulative,deaths_new,deaths_cumulative_per_million,deaths_new_per_million,tests_new,tests_cumulative,tests_cumulative_per_thousand,tests_new_per_thousand,test_units,school_closing,school_closing_flag,workplace_closing,workplace_closing_flag,cancel_public_events_flag,restrictions_on_gatherings,restrictions_on_gatherings_flag,close_public_transit,close_public_transit_flag,stay_at_home_requirements,stay_at_home_requirements_flag,restrictions_on_internal_movement,restrictions_on_internal_movement_flag,international_travel_controls,income_support,income_support_flag,debt_contract_relief,fiscal_measures,international_support,public_information_campaigns,public_information_campaigns_flag,testing_policy,contact_tracing,emergency_investment_in_healthcare,investment_in_vaccines,confirmed_cases,confirmed_deaths,stringency_index,stringency_index_for_display,stringency_legacy_index,stringency_legacy_index_for_display,government_response_index,government_response_index_for_display,containment_health_index,containment_health_index_for_display,economic_support_index,economic_support_index_for_display
0,50504,USA,United States of America,2019-12-31,0.0,0.0,0.0,0.0,0.0,0.0,0.0,0.0,,,,,,,,,,,,,,,,,,,,,,,,,,,,,,,,,,,,,,,,,,
1,50505,USA,United States of America,2020-01-01,0.0,0.0,0.0,0.0,0.0,0.0,0.0,0.0,,,,,,0.0,,0.0,,,0.0,,0.0,,0.0,,0.0,,0.0,0.0,,0.0,0.0,0.0,0.0,,0.0,0.0,0.0,0.0,0.0,0.0,0.0,0.0,0.0,0.0,0.0,0.0,0.0,0.0,0.0,0.0
2,50506,USA,United States of America,2020-01-02,0.0,0.0,0.0,0.0,0.0,0.0,0.0,0.0,,,,,,0.0,,0.0,,,0.0,,0.0,,0.0,,0.0,,0.0,0.0,,0.0,0.0,0.0,0.0,,0.0,0.0,0.0,0.0,0.0,0.0,0.0,0.0,0.0,0.0,0.0,0.0,0.0,0.0,0.0,0.0
3,50507,USA,United States of America,2020-01-03,0.0,0.0,0.0,0.0,0.0,0.0,0.0,0.0,,,,,,0.0,,0.0,,,0.0,,0.0,,0.0,,0.0,,0.0,0.0,,0.0,0.0,0.0,0.0,,0.0,0.0,0.0,0.0,0.0,0.0,0.0,0.0,0.0,0.0,0.0,0.0,0.0,0.0,0.0,0.0
4,50508,USA,United States of America,2020-01-04,0.0,0.0,0.0,0.0,0.0,0.0,0.0,0.0,,,,,,0.0,,0.0,,,0.0,,0.0,,0.0,,0.0,,0.0,0.0,,0.0,0.0,0.0,0.0,,0.0,0.0,0.0,0.0,0.0,0.0,0.0,0.0,0.0,0.0,0.0,0.0,0.0,0.0,0.0,0.0
5,50509,USA,United States of America,2020-01-05,0.0,0.0,0.0,0.0,0.0,0.0,0.0,0.0,,,,,,0.0,,0.0,,,0.0,,0.0,,0.0,,0.0,,0.0,0.0,,0.0,0.0,0.0,0.0,,0.0,0.0,0.0,0.0,0.0,0.0,0.0,0.0,0.0,0.0,0.0,0.0,0.0,0.0,0.0,0.0
6,50510,USA,United States of America,2020-01-06,0.0,0.0,0.0,0.0,0.0,0.0,0.0,0.0,,,,,,0.0,,0.0,,,0.0,,0.0,,0.0,,0.0,,0.0,0.0,,0.0,0.0,0.0,0.0,,0.0,0.0,0.0,0.0,0.0,0.0,0.0,0.0,0.0,0.0,0.0,0.0,0.0,0.0,0.0,0.0
7,50511,USA,United States of America,2020-01-07,0.0,0.0,0.0,0.0,0.0,0.0,0.0,0.0,,,,,,0.0,,0.0,,,0.0,,0.0,,0.0,,0.0,,0.0,0.0,,0.0,0.0,0.0,0.0,,0.0,0.0,0.0,0.0,0.0,0.0,0.0,0.0,0.0,0.0,0.0,0.0,0.0,0.0,0.0,0.0
8,50512,USA,United States of America,2020-01-08,0.0,0.0,0.0,0.0,0.0,0.0,0.0,0.0,,,,,,0.0,,0.0,,,0.0,,0.0,,0.0,,0.0,,0.0,0.0,,0.0,0.0,0.0,0.0,,0.0,0.0,0.0,0.0,0.0,0.0,0.0,0.0,0.0,0.0,0.0,0.0,0.0,0.0,0.0,0.0
9,50513,USA,United States of America,2020-01-09,0.0,0.0,0.0,0.0,0.0,0.0,0.0,0.0,,,,,,0.0,,0.0,,,0.0,,0.0,,0.0,,0.0,,0.0,0.0,,0.0,0.0,0.0,0.0,,0.0,0.0,0.0,0.0,0.0,0.0,0.0,0.0,0.0,0.0,0.0,0.0,0.0,0.0,0.0,0.0
10,50514,USA,United States of America,2020-01-10,0.0,0.0,0.0,0.0,0.0,0.0,0.0,0.0,,,,,,0.0,,0.0,,,0.0,,0.0,,0.0,,0.0,,0.0,0.0,,0.0,0.0,0.0,0.0,,0.0,0.0,0.0,0.0,0.0,0.0,0.0,0.0,0.0,0.0,0.0,0.0,0.0,0.0,0.0,0.0
11,50515,USA,United States of America,2020-01-11,0.0,0.0,0.0,0.0,0.0,0.0,0.0,0.0,,,,,,0.0,,0.0,,,0.0,,0.0,,0.0,,0.0,,0.0,0.0,,0.0,0.0,0.0,0.0,,0.0,0.0,0.0,0.0,0.0,0.0,0.0,0.0,0.0,0.0,0.0,0.0,0.0,0.0,0.0,0.0
12,50516,USA,United States of America,2020-01-12,0.0,0.0,0.0,0.0,0.0,0.0,0.0,0.0,,,,,,0.0,,0.0,,,0.0,,0.0,,0.0,,0.0,,0.0,0.0,,0.0,0.0,0.0,0.0,,0.0,0.0,0.0,0.0,0.0,0.0,0.0,0.0,0.0,0.0,0.0,0.0,0.0,0.0,0.0,0.0
13,50517,USA,United States of America,2020-01-13,0.0,0.0,0.0,0.0,0.0,0.0,0.0,0.0,,,,,,0.0,,0.0,,,0.0,,0.0,,0.0,,0.0,,0.0,0.0,,0.0,0.0,0.0,0.0,,0.0,0.0,0.0,0.0,0.0,0.0,0.0,0.0,0.0,0.0,0.0,0.0,0.0,0.0,0.0,0.0
14,50518,USA,United States of America,2020-01-14,0.0,0.0,0.0,0.0,0.0,0.0,0.0,0.0,,,,,,0.0,,0.0,,,0.0,,0.0,,0.0,,0.0,,0.0,0.0,,0.0,0.0,0.0,0.0,,0.0,0.0,0.0,0.0,0.0,0.0,0.0,0.0,0.0,0.0,0.0,0.0,0.0,0.0,0.0,0.0
15,50519,USA,United States of America,2020-01-15,0.0,0.0,0.0,0.0,0.0,0.0,0.0,0.0,,,,,,0.0,,0.0,,,0.0,,0.0,,0.0,,0.0,,0.0,0.0,,0.0,0.0,0.0,0.0,,0.0,0.0,0.0,0.0,0.0,0.0,0.0,0.0,0.0,0.0,0.0,0.0,0.0,0.0,0.0,0.0
16,50520,USA,United States of America,2020-01-16,0.0,0.0,0.0,0.0,0.0,0.0,0.0,0.0,,,,,,0.0,,0.0,,,0.0,,0.0,,0.0,,0.0,,0.0,0.0,,0.0,0.0,0.0,0.0,,0.0,0.0,0.0,0.0,0.0,0.0,0.0,0.0,0.0,0.0,0.0,0.0,0.0,0.0,0.0,0.0
17,50521,USA,United States of America,2020-01-17,0.0,0.0,0.0,0.0,0.0,0.0,0.0,0.0,,,,,,0.0,,0.0,,,0.0,,0.0,,0.0,,0.0,,0.0,0.0,,0.0,0.0,0.0,0.0,,0.0,0.0,0.0,0.0,0.0,0.0,0.0,0.0,0.0,0.0,0.0,0.0,0.0,0.0,0.0,0.0
18,50522,USA,United States of America,2020-01-18,0.0,0.0,0.0,0.0,0.0,0.0,0.0,0.0,,,,,,0.0,,0.0,,,0.0,,0.0,,0.0,,0.0,,0.0,0.0,,0.0,0.0,0.0,0.0,,0.0,0.0,0.0,0.0,0.0,0.0,0.0,0.0,0.0,0.0,0.0,0.0,0.0,0.0,0.0,0.0
19,50523,USA,United States of America,2020-01-19,0.0,0.0,0.0,0.0,0.0,0.0,0.0,0.0,,,,,,0.0,,0.0,,,0.0,,0.0,,0.0,,0.0,,0.0,0.0,,0.0,0.0,0.0,0.0,,0.0,0.0,0.0,0.0,0.0,0.0,0.0,0.0,0.0,0.0,0.0,0.0,0.0,0.0,0.0,0.0
20,50524,USA,United States of America,2020-01-20,0.0,0.0,0.0,0.0,0.0,0.0,0.0,0.0,,,,,,0.0,,0.0,,,0.0,,0.0,,0.0,,0.0,,0.0,0.0,,0.0,0.0,0.0,0.0,,0.0,0.0,0.0,0.0,0.0,0.0,0.0,0.0,0.0,0.0,0.0,0.0,0.0,0.0,0.0,0.0
21,50525,USA,United States of America,2020-01-21,1.0,1.0,0.003,0.003,0.0,0.0,0.0,0.0,,,,,,0.0,,0.0,,,0.0,,0.0,,0.0,,0.0,,0.0,0.0,,0.0,0.0,0.0,0.0,,0.0,1.0,0.0,0.0,1.0,0.0,0.0,0.0,0.0,0.0,3.85,3.85,4.55,4.55,0.0,0.0
22,50526,USA,United States of America,2020-01-22,1.0,0.0,0.003,0.0,0.0,0.0,0.0,0.0,,,,,,0.0,,0.0,,,0.0,,0.0,,0.0,,0.0,,0.0,0.0,,0.0,0.0,0.0,0.0,,0.0,1.0,0.0,0.0,1.0,0.0,0.0,0.0,0.0,0.0,3.85,3.85,4.55,4.55,0.0,0.0
23,50527,USA,United States of America,2020-01-23,1.0,0.0,0.003,0.0,0.0,0.0,0.0,0.0,,,,,,0.0,,0.0,,,0.0,,0.0,,0.0,,0.0,,0.0,0.0,,0.0,0.0,0.0,0.0,,0.0,1.0,0.0,0.0,1.0,0.0,0.0,0.0,0.0,0.0,3.85,3.85,4.55,4.55,0.0,0.0
24,50528,USA,United States of America,2020-01-24,1.0,0.0,0.003,0.0,0.0,0.0,0.0,0.0,,,,,,0.0,,0.0,,,0.0,,0.0,,0.0,,0.0,,0.0,0.0,,0.0,0.0,0.0,0.0,,0.0,1.0,0.0,0.0,1.0,0.0,0.0,0.0,0.0,0.0,3.85,3.85,4.55,4.55,0.0,0.0
25,50529,USA,United States of America,2020-01-25,2.0,1.0,0.006,0.003,0.0,0.0,0.0,0.0,,,,,,0.0,,0.0,,,0.0,,0.0,,0.0,,0.0,,0.0,0.0,,0.0,0.0,0.0,0.0,,0.0,1.0,0.0,0.0,2.0,0.0,0.0,0.0,0.0,0.0,3.85,3.85,4.55,4.55,0.0,0.0
26,50530,USA,United States of America,2020-01-26,2.0,0.0,0.006,0.0,0.0,0.0,0.0,0.0,,,,,,0.0,,0.0,,,0.0,,0.0,,0.0,,0.0,,0.0,0.0,,0.0,0.0,0.0,0.0,,0.0,1.0,0.0,0.0,2.0,0.0,0.0,0.0,0.0,0.0,3.85,3.85,4.55,4.55,0.0,0.0
27,50531,USA,United States of America,2020-01-27,5.0,3.0,0.015,0.009000000000000001,0.0,0.0,0.0,0.0,,,,,,0.0,,0.0,,,0.0,,0.0,,0.0,,0.0,,0.0,0.0,,0.0,0.0,0.0,0.0,,0.0,1.0,0.0,0.0,5.0,0.0,0.0,0.0,0.0,0.0,3.85,3.85,4.55,4.55,0.0,0.0
28,50532,USA,United States of America,2020-01-28,5.0,0.0,0.015,0.0,0.0,0.0,0.0,0.0,,,,,,0.0,,0.0,,,0.0,,0.0,,0.0,,0.0,,0.0,0.0,,0.0,0.0,0.0,0.0,,0.0,1.0,0.0,0.0,5.0,0.0,0.0,0.0,0.0,0.0,3.85,3.85,4.55,4.55,0.0,0.0
29,50533,USA,United States of America,2020-01-29,5.0,0.0,0.015,0.0,0.0,0.0,0.0,0.0,,,,,,0.0,,0.0,,,0.0,,0.0,,0.0,,0.0,,0.0,0.0,,0.0,0.0,0.0,0.0,,0.0,1.0,0.0,0.0,5.0,0.0,0.0,0.0,0.0,0.0,3.85,3.85,4.55,4.55,0.0,0.0
30,50534,USA,United States of America,2020-01-30,5.0,0.0,0.015,0.0,0.0,0.0,0.0,0.0,,,,,,0.0,,0.0,,,0.0,,0.0,,0.0,,0.0,,0.0,0.0,,0.0,0.0,0.0,0.0,,0.0,1.0,0.0,0.0,5.0,0.0,0.0,0.0,0.0,0.0,3.85,3.85,4.55,4.55,0.0,0.0
31,50535,USA,United States of America,2020-01-31,6.0,1.0,0.018000000000000002,0.003,0.0,0.0,0.0,0.0,,,,,,0.0,,0.0,,,0.0,,0.0,,0.0,,0.0,,0.0,0.0,,0.0,0.0,0.0,0.0,,0.0,1.0,0.0,0.0,6.0,0.0,0.0,0.0,0.0,0.0,3.85,3.85,4.55,4.55,0.0,0.0
32,50536,USA,United States of America,2020-02-01,7.0,1.0,0.021,0.003,0.0,0.0,0.0,0.0,,,,,,0.0,,0.0,,,0.0,,0.0,,0.0,,0.0,,0.0,0.0,,0.0,0.0,0.0,0.0,,0.0,1.0,0.0,0.0,7.0,0.0,0.0,0.0,0.0,0.0,3.85,3.85,4.55,4.55,0.0,0.0
33,50537,USA,United States of America,2020-02-02,8.0,1.0,0.024,0.003,0.0,0.0,0.0,0.0,,,,,,0.0,,0.0,,,0.0,,0.0,,0.0,,0.0,,2.0,0.0,,0.0,0.0,0.0,0.0,,0.0,1.0,0.0,0.0,8.0,0.0,5.56,5.56,7.14,7.14,7.69,7.69,9.09,9.09,0.0,0.0
34,50538,USA,United States of America,2020-02-03,11.0,3.0,0.033,0.009000000000000001,0.0,0.0,0.0,0.0,,,,,,0.0,,0.0,,,0.0,,0.0,,0.0,,0.0,,2.0,0.0,,0.0,0.0,0.0,0.0,,0.0,1.0,0.0,0.0,11.0,0.0,5.56,5.56,7.14,7.14,7.69,7.69,9.09,9.09,0.0,0.0
35,50539,USA,United States of America,2020-02-04,11.0,0.0,0.033,0.0,0.0,0.0,0.0,0.0,,,,,,0.0,,0.0,,,0.0,,0.0,,0.0,,0.0,,2.0,0.0,,0.0,0.0,0.0,0.0,,0.0,1.0,0.0,0.0,11.0,0.0,5.56,5.56,7.14,7.14,7.69,7.69,9.09,9.09,0.0,0.0
36,50540,USA,United States of America,2020-02-05,11.0,0.0,0.033,0.0,0.0,0.0,0.0,0.0,,,,,,0.0,,0.0,,,0.0,,0.0,,0.0,,0.0,,2.0,0.0,,0.0,0.0,0.0,0.0,,0.0,1.0,0.0,0.0,11.0,0.0,5.56,5.56,7.14,7.14,7.69,7.69,9.09,9.09,0.0,0.0
37,50541,USA,United States of America,2020-02-06,12.0,1.0,0.036000000000000004,0.003,0.0,0.0,0.0,0.0,,,,,,0.0,,0.0,,,0.0,,0.0,,0.0,,0.0,,2.0,0.0,,0.0,0.0,0.0,0.0,,0.0,1.0,0.0,0.0,12.0,0.0,5.56,5.56,7.14,7.14,7.69,7.69,9.09,9.09,0.0,0.0
38,50542,USA,United States of America,2020-02-07,12.0,0.0,0.036000000000000004,0.0,0.0,0.0,0.0,0.0,,,,,,0.0,,0.0,,,0.0,,0.0,,0.0,,0.0,,2.0,0.0,,0.0,0.0,100000000.0,0.0,,0.0,1.0,0.0,0.0,12.0,0.0,5.56,5.56,7.14,7.14,7.69,7.69,9.09,9.09,0.0,0.0
39,50543,USA,United States of America,2020-02-08,12.0,0.0,0.036000000000000004,0.0,0.0,0.0,0.0,0.0,,,,,,0.0,,0.0,,,0.0,,0.0,,0.0,,0.0,,2.0,0.0,,0.0,0.0,0.0,0.0,,0.0,1.0,0.0,0.0,12.0,0.0,5.56,5.56,7.14,7.14,7.69,7.69,9.09,9.09,0.0,0.0
40,50544,USA,United States of America,2020-02-09,12.0,0.0,0.036000000000000004,0.0,0.0,0.0,0.0,0.0,,,,,,0.0,,0.0,,,0.0,,0.0,,0.0,,0.0,,2.0,0.0,,0.0,0.0,0.0,0.0,,0.0,1.0,0.0,0.0,12.0,0.0,5.56,5.56,7.14,7.14,7.69,7.69,9.09,9.09,0.0,0.0
41,50545,USA,United States of America,2020-02-10,12.0,0.0,0.036000000000000004,0.0,0.0,0.0,0.0,0.0,,,,,,0.0,,0.0,,,0.0,,0.0,,0.0,,0.0,,2.0,0.0,,0.0,0.0,0.0,0.0,,0.0,1.0,0.0,0.0,12.0,0.0,5.56,5.56,7.14,7.14,7.69,7.69,9.09,9.09,0.0,0.0
42,50546,USA,United States of America,2020-02-11,13.0,1.0,0.039,0.003,0.0,0.0,0.0,0.0,,,,,,0.0,,0.0,,,0.0,,0.0,,0.0,,0.0,,2.0,0.0,,0.0,0.0,0.0,0.0,,0.0,1.0,0.0,0.0,13.0,0.0,5.56,5.56,7.14,7.14,7.69,7.69,9.09,9.09,0.0,0.0
43,50547,USA,United States of America,2020-02-12,13.0,0.0,0.039,0.0,0.0,0.0,0.0,0.0,,,,,,0.0,,0.0,,,0.0,,0.0,,0.0,,0.0,,2.0,0.0,,0.0,0.0,0.0,0.0,,0.0,1.0,0.0,0.0,13.0,0.0,5.56,5.56,7.14,7.14,7.69,7.69,9.09,9.09,0.0,0.0
44,50548,USA,United States of America,2020-02-13,14.0,1.0,0.042,0.003,0.0,0.0,0.0,0.0,,,,,,0.0,,0.0,,,0.0,,0.0,,0.0,,0.0,,2.0,0.0,,0.0,0.0,0.0,0.0,,0.0,1.0,0.0,0.0,14.0,0.0,5.56,5.56,7.14,7.14,7.69,7.69,9.09,9.09,0.0,0.0
45,50549,USA,United States of America,2020-02-14,15.0,1.0,0.045,0.003,0.0,0.0,0.0,0.0,,,,,,0.0,,0.0,,,0.0,,0.0,,0.0,,0.0,,2.0,0.0,,0.0,0.0,0.0,0.0,,0.0,1.0,0.0,0.0,15.0,0.0,5.56,5.56,7.14,7.14,7.69,7.69,9.09,9.09,0.0,0.0
46,50550,USA,United States of America,2020-02-15,15.0,0.0,0.045,0.0,0.0,0.0,0.0,0.0,,,,,,0.0,,0.0,,,0.0,,0.0,,0.0,,0.0,,2.0,0.0,,0.0,0.0,0.0,0.0,,0.0,1.0,0.0,0.0,15.0,0.0,5.56,5.56,7.14,7.14,7.69,7.69,9.09,9.09,0.0,0.0
47,50551,USA,United States of America,2020-02-16,15.0,0.0,0.045,0.0,0.0,0.0,0.0,0.0,,,,,,0.0,,0.0,,,0.0,,0.0,,0.0,,0.0,,2.0,0.0,,0.0,0.0,0.0,0.0,,0.0,1.0,0.0,0.0,15.0,0.0,5.56,5.56,7.14,7.14,7.69,7.69,9.09,9.09,0.0,0.0
48,50552,USA,United States of America,2020-02-17,15.0,0.0,0.045,0.0,0.0,0.0,0.0,0.0,,,,,,0.0,,0.0,,,0.0,,0.0,,0.0,,0.0,,2.0,0.0,,0.0,0.0,0.0,0.0,,0.0,1.0,0.0,0.0,15.0,0.0,5.56,5.56,7.14,7.14,7.69,7.69,9.09,9.09,0.0,0.0
49,50553,USA,United States of America,2020-02-18,15.0,0.0,0.045,0.0,0.0,0.0,0.0,0.0,,,,,,0.0,,0.0,,,0.0,,0.0,,0.0,,0.0,,2.0,0.0,,0.0,0.0,0.0,0.0,,0.0,1.0,0.0,0.0,15.0,0.0,5.56,5.56,7.14,7.14,7.69,7.69,9.09,9.09,0.0,0.0
50,50554,USA,United States of America,2020-02-19,15.0,0.0,0.045,0.0,0.0,0.0,0.0,0.0,,,,,,0.0,,0.0,,,0.0,,0.0,,0.0,,0.0,,2.0,0.0,,0.0,0.0,0.0,0.0,,0.0,1.0,0.0,0.0,15.0,0.0,5.56,5.56,7.14,7.14,7.69,7.69,9.09,9.09,0.0,0.0
51,50555,USA,United States of America,2020-02-20,15.0,0.0,0.045,0.0,0.0,0.0,0.0,0.0,,,,,,0.0,,0.0,,,0.0,,0.0,,0.0,,0.0,,2.0,0.0,,0.0,0.0,0.0,0.0,,0.0,1.0,0.0,0.0,15.0,0.0,5.56,5.56,7.14,7.14,7.69,7.69,9.09,9.09,0.0,0.0
52,50556,USA,United States of America,2020-02-21,16.0,1.0,0.048,0.003,0.0,0.0,0.0,0.0,,,,,,0.0,,0.0,,,0.0,,0.0,,0.0,,0.0,,2.0,0.0,,0.0,0.0,0.0,0.0,,0.0,1.0,0.0,0.0,16.0,0.0,5.56,5.56,7.14,7.14,7.69,7.69,9.09,9.09,0.0,0.0
53,50557,USA,United States of America,2020-02-22,35.0,19.0,0.106,0.057,0.0,0.0,0.0,0.0,,,,,,0.0,,0.0,,,0.0,,0.0,,0.0,,0.0,,2.0,0.0,,0.0,0.0,0.0,0.0,,0.0,1.0,0.0,0.0,35.0,0.0,5.56,5.56,7.14,7.14,7.69,7.69,9.09,9.09,0.0,0.0
54,50558,USA,United States of America,2020-02-23,35.0,0.0,0.106,0.0,0.0,0.0,0.0,0.0,,,,,,0.0,,0.0,,,0.0,,0.0,,0.0,,0.0,,2.0,0.0,,0.0,0.0,0.0,0.0,,0.0,1.0,0.0,0.0,35.0,0.0,5.56,5.56,7.14,7.14,7.69,7.69,9.09,9.09,0.0,0.0
55,50559,USA,United States of America,2020-02-24,35.0,0.0,0.106,0.0,0.0,0.0,0.0,0.0,,,,,,0.0,,0.0,,,0.0,,0.0,,0.0,,0.0,,2.0,0.0,,0.0,0.0,0.0,0.0,,0.0,1.0,0.0,0.0,35.0,0.0,5.56,5.56,7.14,7.14,7.69,7.69,9.09,9.09,0.0,0.0
56,50560,USA,United States of America,2020-02-25,53.0,18.0,0.16,0.054000000000000006,0.0,0.0,0.0,0.0,,,,,,0.0,,0.0,,,0.0,,0.0,,0.0,,0.0,,2.0,0.0,,0.0,0.0,0.0,0.0,,0.0,1.0,0.0,0.0,53.0,0.0,5.56,5.56,7.14,7.14,7.69,7.69,9.09,9.09,0.0,0.0
57,50561,USA,United States of America,2020-02-26,53.0,0.0,0.16,0.0,0.0,0.0,0.0,0.0,,,,,,0.0,,0.0,,,0.0,,0.0,,0.0,,0.0,,2.0,0.0,,0.0,0.0,0.0,0.0,,0.0,1.0,0.0,0.0,53.0,0.0,5.56,5.56,7.14,7.14,7.69,7.69,9.09,9.09,0.0,0.0
58,50562,USA,United States of America,2020-02-27,59.0,6.0,0.17800000000000002,0.018000000000000002,0.0,0.0,0.0,0.0,,,,,,0.0,,0.0,,,0.0,,0.0,,0.0,,0.0,,2.0,0.0,,0.0,0.0,0.0,0.0,,0.0,1.0,0.0,0.0,59.0,0.0,5.56,5.56,7.14,7.14,7.69,7.69,9.09,9.09,0.0,0.0
59,50563,USA,United States of America,2020-02-28,60.0,1.0,0.181,0.003,0.0,0.0,0.0,0.0,,,,,,0.0,,0.0,,,0.0,,0.0,,0.0,,0.0,,2.0,0.0,,0.0,0.0,0.0,0.0,,1.0,1.0,0.0,0.0,60.0,0.0,5.56,5.56,7.14,7.14,10.26,10.26,12.12,12.12,0.0,0.0
60,50564,USA,United States of America,2020-02-29,66.0,6.0,0.199,0.018000000000000002,0.0,0.0,0.0,0.0,,,,,,0.0,,0.0,,,0.0,,0.0,,0.0,,0.0,,2.0,0.0,,0.0,0.0,0.0,0.0,,1.0,1.0,0.0,0.0,66.0,0.0,5.56,5.56,7.14,7.14,10.26,10.26,12.12,12.12,0.0,0.0
61,50565,USA,United States of America,2020-03-01,69.0,3.0,0.208,0.009000000000000001,1.0,1.0,0.003,0.003,130.0,130.0,0.0,0.0,tests performed,0.0,,0.0,,0.0,0.0,,0.0,,0.0,,0.0,,2.0,0.0,,0.0,0.0,0.0,0.0,,1.0,1.0,0.0,0.0,69.0,1.0,8.33,8.33,11.9,11.9,12.18,12.18,14.39,14.39,0.0,0.0
62,50566,USA,United States of America,2020-03-02,89.0,20.0,0.269,0.06,2.0,1.0,0.006,0.003,342.0,472.0,0.001,0.001,tests performed,0.0,,0.0,,0.0,0.0,,0.0,,0.0,,0.0,,3.0,0.0,,0.0,0.0,0.0,0.0,,1.0,1.0,0.0,0.0,89.0,2.0,11.11,11.11,15.48,15.48,14.1,14.1,16.67,16.67,0.0,0.0
63,50567,USA,United States of America,2020-03-03,103.0,14.0,0.311,0.042,6.0,4.0,0.018000000000000002,0.012,725.0,1197.0,0.004,0.002,tests performed,0.0,,0.0,,0.0,0.0,,0.0,,0.0,,0.0,,3.0,0.0,,0.0,0.0,0.0,0.0,,1.0,1.0,0.0,0.0,103.0,6.0,11.11,11.11,15.48,15.48,14.1,14.1,16.67,16.67,0.0,0.0
64,50568,USA,United States of America,2020-03-04,125.0,22.0,0.378,0.066,9.0,3.0,0.027000000000000003,0.009000000000000001,842.0,2039.0,0.006,0.003,tests performed,0.0,,0.0,,0.0,0.0,,0.0,,0.0,,0.0,,3.0,0.0,,0.0,0.0,0.0,0.0,,2.0,1.0,0.0,0.0,125.0,9.0,11.11,11.11,15.48,15.48,16.67,16.67,19.7,19.7,0.0,0.0
65,50569,USA,United States of America,2020-03-05,159.0,34.0,0.48,0.103,11.0,2.0,0.033,0.006,973.0,3012.0,0.009000000000000001,0.003,tests performed,3.0,0.0,0.0,,0.0,0.0,,0.0,,0.0,,0.0,,3.0,0.0,,0.0,0.0,0.0,0.0,,2.0,1.0,0.0,0.0,159.0,11.0,20.37,20.37,26.19,26.19,23.08,23.08,27.27,27.27,0.0,0.0
66,50570,USA,United States of America,2020-03-06,233.0,74.0,0.7040000000000001,0.224,12.0,1.0,0.036000000000000004,0.003,1316.0,4328.0,0.013,0.004,tests performed,3.0,0.0,0.0,,0.0,0.0,,0.0,,0.0,,0.0,,3.0,0.0,,0.0,1600000000.0,1300000000.0,0.0,,2.0,1.0,6700000000.0,826000000.0,233.0,12.0,20.37,20.37,26.19,26.19,23.08,23.08,27.27,27.27,0.0,0.0
67,50571,USA,United States of America,2020-03-07,338.0,105.0,1.021,0.317,14.0,2.0,0.042,0.006,1325.0,5653.0,0.017,0.004,tests performed,3.0,0.0,0.0,,0.0,0.0,,0.0,,0.0,,0.0,,3.0,0.0,,0.0,0.0,0.0,0.0,,2.0,1.0,0.0,0.0,338.0,14.0,20.37,20.37,26.19,26.19,23.08,23.08,27.27,27.27,0.0,0.0
68,50572,USA,United States of America,2020-03-08,433.0,95.0,1.308,0.287,17.0,3.0,0.051,0.009000000000000001,1416.0,7069.0,0.021,0.004,tests performed,3.0,0.0,0.0,,0.0,0.0,,0.0,,0.0,,0.0,,3.0,0.0,,0.0,0.0,0.0,0.0,,2.0,1.0,0.0,0.0,433.0,17.0,20.37,20.37,26.19,26.19,23.08,23.08,27.27,27.27,0.0,0.0
69,50573,USA,United States of America,2020-03-09,554.0,121.0,1.6740000000000002,0.366,21.0,4.0,0.063,0.012,2022.0,9091.0,0.027000000000000003,0.006,tests performed,3.0,0.0,0.0,,0.0,0.0,,0.0,,0.0,,0.0,,3.0,0.0,,0.0,0.0,0.0,0.0,,2.0,1.0,0.0,0.0,554.0,21.0,20.37,20.37,26.19,26.19,23.08,23.08,27.27,27.27,0.0,0.0
70,50574,USA,United States of America,2020-03-10,754.0,200.0,2.278,0.604,26.0,5.0,0.079,0.015,2671.0,11762.0,0.036000000000000004,0.008,tests performed,3.0,0.0,0.0,,0.0,0.0,,0.0,,0.0,,0.0,,3.0,0.0,,0.0,0.0,0.0,0.0,,2.0,1.0,0.0,0.0,754.0,26.0,20.37,20.37,26.19,26.19,23.08,23.08,27.27,27.27,0.0,0.0
71,50575,USA,United States of America,2020-03-11,1025.0,271.0,3.097,0.8190000000000001,28.0,2.0,0.085,0.006,3853.0,15615.0,0.047,0.012,tests performed,3.0,0.0,0.0,,0.0,1.0,0.0,0.0,,0.0,,0.0,,3.0,0.0,,0.0,0.0,0.0,0.0,,2.0,1.0,0.0,0.0,1025.0,28.0,21.76,21.76,26.19,26.19,24.04,24.04,28.41,28.41,0.0,0.0
72,50576,USA,United States of America,2020-03-12,1312.0,287.0,3.964,0.867,30.0,2.0,0.091,0.006,7021.0,22636.0,0.068,0.021,tests performed,3.0,0.0,0.0,,0.0,2.0,0.0,0.0,,0.0,,0.0,,3.0,0.0,,0.0,0.0,0.0,0.0,,2.0,1.0,0.0,0.0,1312.0,30.0,30.09,30.09,30.95,30.95,29.81,29.81,35.23,35.23,0.0,0.0
73,50577,USA,United States of America,2020-03-13,1663.0,351.0,5.024,1.06,40.0,10.0,0.121,0.03,9958.0,32594.0,0.098,0.03,tests performed,3.0,0.0,0.0,,0.0,2.0,0.0,0.0,,0.0,,0.0,,3.0,0.0,,0.0,0.0,0.0,0.0,,2.0,1.0,0.0,0.0,1663.0,40.0,30.09,30.09,30.95,30.95,29.81,29.81,35.23,35.23,0.0,0.0
74,50578,USA,United States of America,2020-03-14,2174.0,511.0,6.568,1.544,47.0,7.0,0.142,0.021,10575.0,43169.0,0.13,0.032,tests performed,3.0,0.0,0.0,,0.0,2.0,0.0,0.0,,0.0,,1.0,1.0,3.0,0.0,,0.0,0.0,0.0,0.0,,3.0,1.0,0.0,0.0,2174.0,47.0,35.65,35.65,40.48,40.48,36.22,36.22,42.8,42.8,0.0,0.0
75,50579,USA,United States of America,2020-03-15,2951.0,777.0,8.915,2.347,57.0,10.0,0.172,0.03,11992.0,55161.0,0.16699999999999998,0.036000000000000004,tests performed,3.0,0.0,0.0,,0.0,2.0,0.0,0.0,,2.0,0.0,1.0,1.0,3.0,0.0,,0.0,0.0,0.0,0.0,,3.0,1.0,0.0,0.0,2951.0,57.0,41.2,41.2,40.48,40.48,40.06,40.06,47.35,47.35,0.0,0.0
76,50580,USA,United States of America,2020-03-16,3774.0,823.0,11.402,2.486,69.0,12.0,0.208,0.036000000000000004,23044.0,78205.0,0.236,0.07,tests performed,3.0,0.0,0.0,,0.0,2.0,0.0,0.0,,2.0,0.0,1.0,1.0,3.0,0.0,,0.0,0.0,0.0,2.0,1.0,3.0,1.0,0.0,0.0,3774.0,69.0,52.31,52.31,54.76,54.76,47.76,47.76,56.44,56.44,0.0,0.0
77,50581,USA,United States of America,2020-03-17,4661.0,887.0,14.081,2.68,85.0,16.0,0.257,0.048,36188.0,114393.0,0.34600000000000003,0.109,tests performed,3.0,0.0,0.0,,0.0,2.0,0.0,1.0,0.0,2.0,0.0,1.0,1.0,3.0,0.0,,0.0,0.0,0.0,2.0,1.0,3.0,1.0,0.0,0.0,4661.0,85.0,55.09,55.09,59.52,59.52,49.68,49.68,58.71,58.71,0.0,0.0
78,50582,USA,United States of America,2020-03-18,6427.0,1766.0,19.417,5.335,108.0,23.0,0.326,0.069,46931.0,161324.0,0.487,0.142,tests performed,3.0,0.0,0.0,,0.0,2.0,0.0,1.0,0.0,2.0,0.0,1.0,1.0,3.0,0.0,,0.0,192000000000.0,0.0,2.0,1.0,3.0,1.0,57458000000.0,0.0,6427.0,108.0,55.09,55.09,59.52,59.52,49.68,49.68,58.71,58.71,0.0,0.0
79,50583,USA,United States of America,2020-03-19,9415.0,2988.0,28.444000000000006,9.027,150.0,42.0,0.453,0.127,56628.0,217952.0,0.6579999999999999,0.171,tests performed,3.0,0.0,3.0,0.0,0.0,2.0,0.0,1.0,0.0,2.0,0.0,2.0,0.0,3.0,0.0,,0.0,0.0,0.0,2.0,1.0,3.0,1.0,0.0,0.0,9415.0,150.0,67.13,67.13,70.24,70.24,58.01,58.01,68.56,68.56,0.0,0.0
80,50584,USA,United States of America,2020-03-20,14250.0,4835.0,43.051,14.607,150.0,0.0,0.453,0.0,68281.0,286233.0,0.865,0.206,tests performed,3.0,0.0,3.0,0.0,0.0,2.0,0.0,1.0,0.0,2.0,0.0,2.0,0.0,3.0,0.0,,0.0,0.0,0.0,2.0,1.0,3.0,1.0,0.0,0.0,14250.0,150.0,67.13,67.13,70.24,70.24,58.01,58.01,68.56,68.56,0.0,0.0
81,50585,USA,United States of America,2020-03-21,19624.0,5374.0,59.287,16.236,260.0,110.0,0.785,0.332,68682.0,354915.0,1.072,0.207,tests performed,3.0,0.0,3.0,0.0,0.0,4.0,0.0,1.0,0.0,2.0,0.0,2.0,0.0,3.0,0.0,,0.0,0.0,0.0,2.0,1.0,3.0,1.0,0.0,0.0,19624.0,260.0,72.69,72.69,72.14,72.14,61.86,61.86,73.11,73.11,0.0,0.0
82,50586,USA,United States of America,2020-03-22,26747.0,7123.0,80.806,21.519,340.0,80.0,1.027,0.242,63282.0,418197.0,1.263,0.191,tests performed,3.0,0.0,3.0,0.0,0.0,4.0,0.0,1.0,0.0,2.0,0.0,2.0,0.0,3.0,0.0,,0.0,0.0,0.0,2.0,1.0,3.0,1.0,0.0,0.0,26747.0,340.0,72.69,72.69,72.14,72.14,61.86,61.86,73.11,73.11,0.0,0.0
83,50587,USA,United States of America,2020-03-23,35206.0,8459.0,106.362,25.556,471.0,131.0,1.423,0.396,71225.0,489422.0,1.479,0.215,tests performed,3.0,0.0,3.0,0.0,0.0,4.0,0.0,1.0,0.0,2.0,0.0,2.0,0.0,3.0,0.0,,0.0,0.0,0.0,2.0,1.0,3.0,1.0,0.0,0.0,35206.0,471.0,72.69,72.69,72.14,72.14,61.86,61.86,73.11,73.11,0.0,0.0
84,50588,USA,United States of America,2020-03-24,46442.0,11236.0,140.30700000000002,33.945,590.0,119.0,1.7819999999999998,0.36,92262.0,581684.0,1.757,0.279,tests performed,3.0,0.0,3.0,0.0,0.0,4.0,0.0,1.0,0.0,2.0,0.0,2.0,0.0,3.0,0.0,,0.0,0.0,0.0,2.0,1.0,3.0,1.0,0.0,0.0,46442.0,590.0,72.69,72.69,72.14,72.14,61.86,61.86,73.11,73.11,0.0,0.0
85,50589,USA,United States of America,2020-03-25,55231.0,8789.0,166.86,26.553,801.0,211.0,2.42,0.637,101381.0,683065.0,2.064,0.306,tests performed,3.0,0.0,3.0,0.0,0.0,4.0,0.0,1.0,0.0,2.0,0.0,2.0,0.0,3.0,0.0,,0.0,0.0,0.0,2.0,1.0,3.0,1.0,0.0,0.0,55231.0,801.0,72.69,72.69,72.14,72.14,61.86,61.86,73.11,73.11,0.0,0.0
86,50590,USA,United States of America,2020-03-26,69194.0,13963.0,209.044,42.184,1050.0,249.0,3.172,0.752,113285.0,796350.0,2.406,0.342,tests performed,3.0,0.0,3.0,0.0,0.0,4.0,0.0,1.0,0.0,2.0,0.0,2.0,0.0,3.0,0.0,,0.0,0.0,274000000.0,2.0,1.0,3.0,1.0,0.0,0.0,69194.0,1050.0,72.69,72.69,72.14,72.14,61.86,61.86,73.11,73.11,0.0,0.0
87,50591,USA,United States of America,2020-03-27,85991.0,16797.0,259.789,50.746,1296.0,246.0,3.915,0.743,119156.0,915506.0,2.766,0.36,tests performed,3.0,0.0,3.0,0.0,0.0,4.0,0.0,1.0,0.0,2.0,0.0,2.0,0.0,3.0,2.0,0.0,1.0,1957600000000.0,0.0,2.0,1.0,3.0,1.0,242400000000.0,0.0,85991.0,1296.0,72.69,72.69,72.14,72.14,71.47,71.47,73.11,73.11,62.5,62.5
88,50592,USA,United States of America,2020-03-28,104686.0,18695.0,316.269,56.48,1707.0,411.0,5.157,1.242,108032.0,1023538.0,3.092,0.326,tests performed,3.0,0.0,3.0,0.0,0.0,4.0,0.0,1.0,0.0,2.0,0.0,2.0,0.0,3.0,2.0,0.0,1.0,0.0,0.0,2.0,1.0,3.0,1.0,0.0,0.0,104686.0,1707.0,72.69,72.69,72.14,72.14,71.47,71.47,73.11,73.11,62.5,62.5
89,50593,USA,United States of America,2020-03-29,124665.0,19979.0,376.628,60.359,2191.0,484.0,6.619,1.462,98623.0,1122161.0,3.39,0.298,tests performed,3.0,0.0,3.0,0.0,0.0,4.0,0.0,1.0,0.0,2.0,0.0,2.0,0.0,3.0,2.0,0.0,1.0,0.0,0.0,2.0,1.0,3.0,1.0,0.0,0.0,124665.0,2191.0,72.69,72.69,72.14,72.14,71.47,71.47,73.11,73.11,62.5,62.5
90,50594,USA,United States of America,2020-03-30,143025.0,18360.0,432.096,55.468,2509.0,318.0,7.58,0.961,109128.0,1231289.0,3.72,0.33,tests performed,3.0,0.0,3.0,0.0,0.0,4.0,0.0,1.0,0.0,2.0,0.0,2.0,0.0,3.0,2.0,0.0,1.0,0.0,0.0,2.0,1.0,3.0,1.0,0.0,0.0,143025.0,2509.0,72.69,72.69,72.14,72.14,71.47,71.47,73.11,73.11,62.5,62.5
91,50595,USA,United States of America,2020-03-31,164620.0,21595.0,497.337,65.241,3170.0,661.0,9.577,1.997,127428.0,1358717.0,4.105,0.385,tests performed,3.0,0.0,3.0,0.0,0.0,4.0,0.0,1.0,0.0,2.0,0.0,2.0,0.0,3.0,2.0,0.0,1.0,0.0,0.0,2.0,1.0,3.0,1.0,0.0,0.0,164620.0,3170.0,72.69,72.69,72.14,72.14,71.47,71.47,73.11,73.11,62.5,62.5
92,50596,USA,United States of America,2020-04-01,189618.0,24998.0,572.859,75.52199999999998,4079.0,909.0,12.323,2.7460000000000004,135342.0,1494059.0,4.5139999999999985,0.409,tests performed,3.0,0.0,3.0,0.0,0.0,4.0,0.0,1.0,0.0,2.0,0.0,2.0,0.0,3.0,2.0,0.0,1.0,0.0,0.0,2.0,1.0,3.0,1.0,0.0,0.0,189618.0,4079.0,72.69,72.69,72.14,72.14,71.47,71.47,73.11,73.11,62.5,62.5
93,50597,USA,United States of America,2020-04-02,216721.0,27103.0,654.741,81.882,5138.0,1059.0,15.523,3.199,142000.0,1636059.0,4.9430000000000005,0.429,tests performed,3.0,0.0,3.0,0.0,0.0,4.0,0.0,1.0,0.0,2.0,0.0,2.0,0.0,3.0,2.0,0.0,1.0,0.0,0.0,2.0,1.0,3.0,1.0,0.0,0.0,216721.0,5138.0,72.69,72.69,72.14,72.14,71.47,71.47,73.11,73.11,62.5,62.5
94,50598,USA,United States of America,2020-04-03,245540.0,28819.0,741.807,87.066,6053.0,915.0,18.287,2.764,150855.0,1786914.0,5.398,0.456,tests performed,3.0,0.0,3.0,0.0,0.0,4.0,0.0,1.0,0.0,2.0,0.0,2.0,0.0,3.0,2.0,0.0,1.0,0.0,0.0,2.0,1.0,3.0,1.0,0.0,0.0,245540.0,6053.0,72.69,72.69,72.14,72.14,71.47,71.47,73.11,73.11,62.5,62.5
95,50599,USA,United States of America,2020-04-04,277965.0,32425.0,839.7669999999998,97.96,7157.0,1104.0,21.622,3.335,135100.0,1922014.0,5.807,0.408,tests performed,3.0,0.0,3.0,0.0,0.0,4.0,0.0,1.0,0.0,2.0,0.0,2.0,0.0,3.0,2.0,0.0,1.0,0.0,0.0,2.0,1.0,3.0,1.0,0.0,0.0,277965.0,7157.0,72.69,72.69,72.14,72.14,71.47,71.47,73.11,73.11,62.5,62.5
96,50600,USA,United States of America,2020-04-05,312237.0,34272.0,943.307,103.54,8501.0,1344.0,25.683000000000003,4.06,128781.0,2050795.0,6.1960000000000015,0.389,tests performed,3.0,0.0,3.0,0.0,0.0,4.0,0.0,1.0,0.0,2.0,0.0,2.0,0.0,3.0,2.0,0.0,1.0,0.0,0.0,2.0,1.0,3.0,1.0,0.0,0.0,312237.0,8501.0,72.69,72.69,72.14,72.14,71.47,71.47,73.11,73.11,62.5,62.5
97,50601,USA,United States of America,2020-04-06,337635.0,25398.0,1020.037,76.73100000000002,9647.0,1146.0,29.145,3.462,131316.0,2182111.0,6.5920000000000005,0.397,tests performed,3.0,0.0,3.0,0.0,0.0,4.0,0.0,1.0,0.0,2.0,0.0,2.0,0.0,3.0,2.0,0.0,1.0,0.0,0.0,2.0,1.0,3.0,1.0,0.0,0.0,337635.0,9647.0,72.69,72.69,72.14,72.14,71.47,71.47,73.11,73.11,62.5,62.5
98,50602,USA,United States of America,2020-04-07,368196.0,30561.0,1112.366,92.329,10989.0,1342.0,33.199,4.0539999999999985,151411.0,2333522.0,7.05,0.457,tests performed,3.0,0.0,3.0,0.0,0.0,4.0,0.0,1.0,0.0,2.0,0.0,2.0,0.0,3.0,2.0,0.0,1.0,0.0,0.0,2.0,1.0,3.0,1.0,0.0,0.0,368196.0,10989.0,72.69,72.69,72.14,72.14,71.47,71.47,73.11,73.11,62.5,62.5
99,50603,USA,United States of America,2020-04-08,398809.0,30613.0,1204.851,92.486,12895.0,1906.0,38.957,5.757999999999999,346352.0,2679874.0,8.096,1.046,tests performed,3.0,0.0,3.0,0.0,0.0,4.0,0.0,1.0,0.0,2.0,0.0,2.0,0.0,3.0,2.0,0.0,1.0,0.0,225000000.0,2.0,1.0,3.0,1.0,0.0,0.0,398809.0,12895.0,72.69,72.69,72.14,72.14,71.47,71.47,73.11,73.11,62.5,62.5
100,50604,USA,United States of America,2020-04-09,432132.0,33323.0,1305.524,100.673,14817.0,1922.0,44.764,5.807,166786.0,2846660.0,8.6,0.504,tests performed,3.0,0.0,3.0,0.0,0.0,4.0,0.0,1.0,0.0,2.0,0.0,2.0,0.0,3.0,2.0,0.0,1.0,0.0,0.0,2.0,1.0,3.0,1.0,0.0,0.0,432132.0,14817.0,72.69,72.69,72.14,72.14,71.47,71.47,73.11,73.11,62.5,62.5
101,50605,USA,United States of America,2020-04-10,466033.0,33901.0,1407.943,102.419,16690.0,1873.0,50.423,5.659,173058.0,3019718.0,9.123,0.523,tests performed,3.0,0.0,3.0,0.0,0.0,4.0,0.0,1.0,0.0,2.0,0.0,2.0,0.0,3.0,2.0,0.0,1.0,0.0,0.0,2.0,1.0,3.0,1.0,0.0,0.0,466033.0,16690.0,72.69,72.69,72.14,72.14,71.47,71.47,73.11,73.11,62.5,62.5
102,50606,USA,United States of America,2020-04-11,501560.0,35527.0,1515.275,107.331,18777.0,2087.0,56.728,6.305,207511.0,3227229.0,9.75,0.627,tests performed,3.0,0.0,3.0,0.0,0.0,4.0,0.0,1.0,0.0,2.0,0.0,2.0,0.0,3.0,2.0,0.0,1.0,0.0,0.0,2.0,1.0,3.0,1.0,0.0,0.0,501560.0,18777.0,72.69,72.69,72.14,72.14,71.47,71.47,73.11,73.11,62.5,62.5
103,50607,USA,United States of America,2020-04-12,529951.0,28391.0,1601.0479999999998,85.773,20608.0,1831.0,62.25899999999999,5.532,119967.0,3347196.0,10.112,0.362,tests performed,3.0,0.0,3.0,0.0,0.0,4.0,0.0,1.0,0.0,2.0,0.0,2.0,0.0,3.0,2.0,0.0,1.0,0.0,0.0,2.0,1.0,3.0,1.0,0.0,0.0,529951.0,20608.0,72.69,72.69,72.14,72.14,71.47,71.47,73.11,73.11,62.5,62.5
104,50608,USA,United States of America,2020-04-13,557571.0,27620.0,1684.491,83.443,22108.0,1500.0,66.791,4.532,109072.0,3456268.0,10.442,0.33,tests performed,3.0,0.0,3.0,0.0,0.0,4.0,0.0,1.0,0.0,2.0,0.0,2.0,0.0,3.0,2.0,0.0,1.0,0.0,0.0,2.0,1.0,3.0,1.0,0.0,0.0,557571.0,22108.0,72.69,72.69,72.14,72.14,71.47,71.47,73.11,73.11,62.5,62.5
105,50609,USA,United States of America,2020-04-14,582594.0,25023.0,1760.089,75.598,23649.0,1541.0,71.447,4.6560000000000015,149998.0,3606266.0,10.895,0.453,tests performed,3.0,0.0,3.0,0.0,0.0,4.0,0.0,1.0,0.0,2.0,0.0,2.0,0.0,3.0,2.0,0.0,1.0,0.0,0.0,2.0,1.0,3.0,1.0,0.0,0.0,582594.0,23649.0,72.69,72.69,72.14,72.14,71.47,71.47,73.11,73.11,62.5,62.5
106,50610,USA,United States of America,2020-04-15,609516.0,26922.0,1841.423,81.335,26057.0,2408.0,78.721,7.275,181436.0,3787702.0,11.443,0.5479999999999999,tests performed,3.0,0.0,3.0,0.0,0.0,4.0,0.0,1.0,0.0,2.0,0.0,2.0,0.0,3.0,2.0,0.0,1.0,0.0,0.0,2.0,1.0,3.0,1.0,0.0,0.0,609516.0,26057.0,72.69,72.69,72.14,72.14,71.47,71.47,73.11,73.11,62.5,62.5
107,50611,USA,United States of America,2020-04-16,639664.0,30148.0,1932.504,91.081,30985.0,4928.0,93.61,14.888,178228.0,3965930.0,11.982,0.5379999999999999,tests performed,3.0,0.0,3.0,0.0,0.0,4.0,0.0,1.0,0.0,2.0,0.0,2.0,0.0,3.0,2.0,0.0,1.0,0.0,0.0,2.0,1.0,3.0,1.0,0.0,0.0,639664.0,30985.0,72.69,72.69,72.14,72.14,71.47,71.47,73.11,73.11,62.5,62.5
108,50612,USA,United States of America,2020-04-17,671331.0,31667.0,2028.174,95.67,33284.0,2299.0,100.555,6.9460000000000015,177623.0,4143553.0,12.518,0.537,tests performed,3.0,0.0,3.0,0.0,0.0,4.0,0.0,1.0,0.0,2.0,0.0,2.0,0.0,3.0,2.0,0.0,1.0,0.0,0.0,2.0,1.0,3.0,1.0,0.0,0.0,671331.0,33284.0,72.69,72.69,72.14,72.14,71.47,71.47,73.11,73.11,62.5,62.5
109,50613,USA,United States of America,2020-04-18,702164.0,30833.0,2121.324,93.15,37054.0,3770.0,111.945,11.39,174591.0,4318144.0,13.046,0.527,tests performed,3.0,0.0,3.0,0.0,0.0,4.0,0.0,1.0,0.0,2.0,0.0,2.0,0.0,3.0,2.0,0.0,1.0,0.0,0.0,2.0,1.0,3.0,1.0,0.0,0.0,702164.0,37054.0,72.69,72.69,72.14,72.14,71.47,71.47,73.11,73.11,62.5,62.5
110,50614,USA,United States of America,2020-04-19,735086.0,32922.0,2220.786,99.461,38910.0,1856.0,117.552,5.607,133383.0,4451527.0,13.449000000000002,0.403,tests performed,3.0,0.0,3.0,0.0,0.0,4.0,0.0,1.0,0.0,2.0,0.0,2.0,0.0,3.0,2.0,0.0,1.0,0.0,0.0,2.0,1.0,3.0,1.0,0.0,0.0,735086.0,38910.0,72.69,72.69,72.14,72.14,71.47,71.47,73.11,73.11,62.5,62.5
111,50615,USA,United States of America,2020-04-20,759687.0,24601.0,2295.109,74.32300000000002,40682.0,1772.0,122.905,5.353,156696.0,4608223.0,13.922,0.473,tests performed,3.0,0.0,3.0,0.0,0.0,4.0,0.0,1.0,0.0,2.0,0.0,2.0,0.0,3.0,2.0,0.0,1.0,0.0,0.0,2.0,1.0,3.0,1.0,0.0,0.0,759687.0,40682.0,72.69,72.69,72.14,72.14,71.47,71.47,73.11,73.11,62.5,62.5
112,50616,USA,United States of America,2020-04-21,787752.0,28065.0,2379.896,84.788,42539.0,1857.0,128.516,5.61,217774.0,4825997.0,14.58,0.6579999999999999,tests performed,3.0,0.0,3.0,0.0,0.0,4.0,0.0,1.0,0.0,2.0,0.0,2.0,0.0,3.0,2.0,0.0,1.0,0.0,0.0,2.0,1.0,3.0,1.0,0.0,0.0,787752.0,42539.0,72.69,72.69,72.14,72.14,71.47,71.47,73.11,73.11,62.5,62.5
113,50617,USA,United States of America,2020-04-22,825041.0,37289.0,2492.551,112.655,45063.0,2524.0,136.141,7.625,224502.0,5050499.0,15.258,0.6779999999999999,tests performed,3.0,0.0,3.0,0.0,0.0,4.0,0.0,1.0,0.0,2.0,0.0,2.0,0.0,3.0,2.0,0.0,1.0,0.0,270000000.0,2.0,1.0,3.0,1.0,0.0,0.0,825041.0,45063.0,72.69,72.69,72.14,72.14,71.47,71.47,73.11,73.11,62.5,62.5
114,50618,USA,United States of America,2020-04-23,842629.0,17588.0,2545.687,53.136,46784.0,1721.0,141.34,5.199,217665.0,5268164.0,15.916,0.6579999999999999,tests performed,3.0,0.0,3.0,0.0,0.0,4.0,0.0,1.0,0.0,2.0,0.0,2.0,0.0,3.0,2.0,0.0,1.0,0.0,0.0,2.0,1.0,3.0,1.0,0.0,0.0,842629.0,46784.0,72.69,72.69,72.14,72.14,71.47,71.47,73.11,73.11,62.5,62.5
115,50619,USA,United States of America,2020-04-24,869172.0,26543.0,2625.876,80.19,49963.0,3179.0,150.944,9.604,248121.0,5516285.0,16.665,0.75,tests performed,3.0,0.0,3.0,0.0,0.0,4.0,0.0,1.0,0.0,2.0,0.0,2.0,0.0,3.0,2.0,0.0,1.0,384000000000.0,0.0,2.0,1.0,3.0,1.0,100000000000.0,0.0,869172.0,49963.0,72.69,72.69,72.14,72.14,71.47,71.47,73.11,73.11,62.5,62.5
116,50620,USA,United States of America,2020-04-25,890524.0,21352.0,2690.383,64.507,51017.0,1054.0,154.129,3.184,216197.0,5732482.0,17.319000000000006,0.653,tests performed,3.0,0.0,3.0,0.0,0.0,4.0,0.0,1.0,0.0,2.0,0.0,2.0,0.0,3.0,2.0,0.0,1.0,0.0,0.0,2.0,1.0,3.0,1.0,0.0,0.0,890524.0,51017.0,72.69,72.69,72.14,72.14,71.47,71.47,73.11,73.11,62.5,62.5
117,50621,USA,United States of America,2020-04-26,939053.0,48529.0,2836.995,146.612,53189.0,2172.0,160.691,6.562,198113.0,5930595.0,17.917,0.599,tests performed,3.0,0.0,3.0,0.0,0.0,4.0,0.0,1.0,0.0,2.0,0.0,2.0,0.0,3.0,2.0,0.0,1.0,0.0,0.0,2.0,1.0,3.0,1.0,0.0,0.0,939053.0,53189.0,72.69,72.69,72.14,72.14,71.47,71.47,73.11,73.11,62.5,62.5
118,50622,USA,United States of America,2020-04-27,965910.0,26857.0,2918.134,81.138,54876.0,1687.0,165.787,5.097,217084.0,6147679.0,18.573,0.6559999999999999,tests performed,3.0,0.0,3.0,0.0,0.0,4.0,0.0,1.0,0.0,2.0,0.0,2.0,0.0,3.0,2.0,0.0,1.0,0.0,0.0,2.0,1.0,3.0,1.0,0.0,0.0,965910.0,54876.0,72.69,72.69,72.14,72.14,71.47,71.47,73.11,73.11,62.5,62.5
119,50623,USA,United States of America,2020-04-28,988451.0,22541.0,2986.233,68.09899999999999,56245.0,1369.0,169.923,4.136,247779.0,6395458.0,19.321,0.7490000000000001,tests performed,3.0,0.0,3.0,0.0,0.0,4.0,0.0,1.0,0.0,2.0,0.0,2.0,0.0,3.0,2.0,0.0,1.0,0.0,0.0,2.0,1.0,3.0,1.0,0.0,0.0,988451.0,56245.0,72.69,72.69,72.14,72.14,71.47,71.47,73.11,73.11,62.5,62.5
120,50624,USA,United States of America,2020-04-29,1012583.0,24132.0,3059.139,72.906,58355.0,2110.0,176.298,6.375,292073.0,6687531.0,20.204,0.882,tests performed,3.0,0.0,3.0,0.0,0.0,4.0,0.0,1.0,0.0,2.0,0.0,2.0,0.0,3.0,2.0,0.0,1.0,0.0,0.0,2.0,1.0,3.0,1.0,0.0,0.0,1012583.0,58355.0,72.69,72.69,72.14,72.14,71.47,71.47,73.11,73.11,62.5,62.5
121,50625,USA,United States of America,2020-04-30,1039909.0,27326.0,3141.6940000000004,82.555,60966.0,2611.0,184.186,7.888,309161.0,6996692.0,21.138,0.934,tests performed,3.0,0.0,3.0,0.0,0.0,4.0,0.0,1.0,0.0,2.0,0.0,2.0,0.0,3.0,2.0,0.0,1.0,0.0,0.0,2.0,1.0,3.0,1.0,0.0,0.0,1039909.0,60966.0,72.69,72.69,72.14,72.14,71.47,71.47,73.11,73.11,62.5,62.5
122,50626,USA,United States of America,2020-05-01,1069826.0,29917.0,3232.077,90.383,63006.0,2040.0,190.349,6.1629999999999985,294581.0,7291273.0,22.028,0.89,tests performed,3.0,0.0,3.0,0.0,0.0,4.0,0.0,1.0,0.0,2.0,0.0,2.0,0.0,3.0,2.0,0.0,1.0,0.0,0.0,2.0,1.0,3.0,1.0,0.0,0.0,1069826.0,63006.0,72.69,72.69,72.14,72.14,71.47,71.47,73.11,73.11,62.5,62.5
123,50627,USA,United States of America,2020-05-02,1103781.0,33955.0,3334.659,102.582,65068.0,2062.0,196.578,6.23,281191.0,7572464.0,22.877,0.85,tests performed,3.0,0.0,3.0,0.0,0.0,4.0,0.0,1.0,0.0,2.0,0.0,2.0,0.0,3.0,2.0,0.0,1.0,0.0,0.0,2.0,1.0,3.0,1.0,0.0,0.0,1103781.0,65068.0,72.69,72.69,72.14,72.14,71.47,71.47,73.11,73.11,62.5,62.5
124,50628,USA,United States of America,2020-05-03,1133069.0,29288.0,3423.1420000000007,88.48299999999998,66385.0,1317.0,200.557,3.979,181251.0,7753715.0,23.425,0.5479999999999999,tests performed,3.0,0.0,3.0,0.0,0.0,4.0,0.0,1.0,0.0,2.0,0.0,2.0,0.0,3.0,2.0,0.0,1.0,0.0,0.0,2.0,1.0,3.0,1.0,0.0,0.0,1133069.0,66385.0,72.69,72.69,72.14,72.14,71.47,71.47,73.11,73.11,62.5,62.5
125,50629,USA,United States of America,2020-05-04,1158041.0,24972.0,3498.585,75.444,67682.0,1297.0,204.476,3.918,213089.0,7966804.0,24.069000000000006,0.644,tests performed,3.0,0.0,3.0,0.0,0.0,4.0,0.0,1.0,0.0,2.0,0.0,2.0,0.0,3.0,2.0,0.0,1.0,0.0,0.0,2.0,1.0,3.0,1.0,0.0,0.0,1158041.0,67682.0,72.69,72.69,72.14,72.14,71.47,71.47,73.11,73.11,62.5,62.5
126,50630,USA,United States of America,2020-05-05,1180634.0,22593.0,3566.842,68.256,68934.0,1252.0,208.258,3.782,349637.0,8316441.0,25.125,1.056,tests performed,3.0,0.0,3.0,0.0,0.0,4.0,0.0,1.0,0.0,2.0,0.0,2.0,0.0,3.0,2.0,0.0,1.0,0.0,0.0,2.0,1.0,3.0,1.0,0.0,0.0,1180634.0,68934.0,72.69,72.69,72.14,72.14,71.47,71.47,73.11,73.11,62.5,62.5
127,50631,USA,United States of America,2020-05-06,1204475.0,23841.0,3638.868,72.027,71078.0,2144.0,214.735,6.477,311943.0,8628384.0,26.067,0.942,tests performed,3.0,0.0,3.0,0.0,0.0,4.0,0.0,1.0,0.0,2.0,0.0,2.0,0.0,3.0,2.0,0.0,1.0,0.0,0.0,2.0,1.0,3.0,1.0,0.0,0.0,1204475.0,71078.0,72.69,72.69,72.14,72.14,71.47,71.47,73.11,73.11,62.5,62.5
128,50632,USA,United States of America,2020-05-07,1228603.0,24128.0,3711.762,72.89399999999998,73431.0,2353.0,221.844,7.109,367694.0,8996078.0,27.178,1.111,tests performed,3.0,0.0,3.0,0.0,0.0,4.0,0.0,1.0,0.0,2.0,0.0,2.0,0.0,3.0,2.0,0.0,1.0,0.0,0.0,2.0,1.0,3.0,1.0,0.0,0.0,1228603.0,73431.0,72.69,72.69,72.14,72.14,71.47,71.47,73.11,73.11,62.5,62.5
129,50633,USA,United States of America,2020-05-08,1256972.0,28369.0,3797.468,85.706,75670.0,2239.0,228.608,6.7639999999999985,398149.0,9394227.0,28.381,1.203,tests performed,3.0,0.0,3.0,0.0,0.0,4.0,0.0,1.0,0.0,2.0,0.0,2.0,0.0,3.0,2.0,0.0,1.0,0.0,0.0,2.0,1.0,3.0,1.0,0.0,0.0,1256972.0,75670.0,72.69,72.69,72.14,72.14,71.47,71.47,73.11,73.11,62.5,62.5
130,50634,USA,United States of America,2020-05-09,1283929.0,26957.0,3878.909,81.44,77180.0,1510.0,233.17,4.562,318121.0,9712348.0,29.342,0.961,tests performed,3.0,0.0,3.0,0.0,0.0,4.0,0.0,1.0,0.0,2.0,0.0,2.0,0.0,3.0,2.0,0.0,1.0,0.0,0.0,2.0,1.0,3.0,1.0,0.0,0.0,1283929.0,77180.0,72.69,72.69,72.14,72.14,71.47,71.47,73.11,73.11,62.5,62.5
131,50635,USA,United States of America,2020-05-10,1309541.0,25612.0,3956.286,77.377,78794.0,1614.0,238.046,4.876,214373.0,9926721.0,29.99,0.648,tests performed,3.0,0.0,3.0,0.0,0.0,4.0,0.0,1.0,0.0,2.0,0.0,2.0,0.0,3.0,2.0,0.0,1.0,0.0,0.0,2.0,1.0,3.0,1.0,0.0,0.0,1309541.0,78794.0,72.69,72.69,72.14,72.14,71.47,71.47,73.11,73.11,62.5,62.5
132,50636,USA,United States of America,2020-05-11,1329799.0,20258.0,4017.488,61.202,79528.0,734.0,240.264,2.218,351034.0,10277755.0,31.05,1.061,tests performed,3.0,0.0,3.0,0.0,0.0,4.0,0.0,1.0,0.0,2.0,0.0,2.0,0.0,3.0,2.0,0.0,1.0,0.0,0.0,2.0,1.0,3.0,1.0,0.0,0.0,1329799.0,79528.0,72.69,72.69,72.14,72.14,71.47,71.47,73.11,73.11,62.5,62.5
133,50637,USA,United States of America,2020-05-12,1347916.0,18117.0,4072.221,54.734,80684.0,1156.0,243.756,3.492,406328.0,10684083.0,32.278,1.228,tests performed,3.0,0.0,3.0,0.0,0.0,4.0,0.0,1.0,0.0,2.0,0.0,2.0,0.0,3.0,2.0,0.0,1.0,0.0,0.0,2.0,1.0,3.0,1.0,0.0,0.0,1347916.0,80684.0,72.69,72.69,72.14,72.14,71.47,71.47,73.11,73.11,62.5,62.5
134,50638,USA,United States of America,2020-05-13,1369964.0,22048.0,4138.831,66.61,82387.0,1703.0,248.901,5.145,422827.0,11106910.0,33.555,1.277,tests performed,3.0,0.0,3.0,0.0,0.0,4.0,0.0,1.0,0.0,2.0,0.0,2.0,0.0,3.0,2.0,0.0,1.0,0.0,0.0,2.0,1.0,3.0,1.0,0.0,0.0,1369964.0,82387.0,72.69,72.69,72.14,72.14,71.47,71.47,73.11,73.11,62.5,62.5
135,50639,USA,United States of America,2020-05-14,1390746.0,20782.0,4201.616,62.785,84133.0,1746.0,254.176,5.275,432915.0,11539825.0,34.863,1.308,tests performed,3.0,0.0,3.0,0.0,0.0,4.0,0.0,1.0,0.0,2.0,0.0,2.0,0.0,3.0,2.0,0.0,1.0,0.0,0.0,2.0,1.0,3.0,1.0,0.0,0.0,1390746.0,84133.0,72.69,72.69,72.14,72.14,71.47,71.47,73.11,73.11,62.5,62.5
136,50640,USA,United States of America,2020-05-15,1417889.0,27143.0,4283.618,82.00200000000002,85906.0,1773.0,259.533,5.356,428236.0,11968061.0,36.157,1.294,tests performed,3.0,0.0,3.0,0.0,0.0,4.0,0.0,1.0,0.0,2.0,0.0,2.0,0.0,3.0,2.0,0.0,1.0,0.0,0.0,2.0,1.0,3.0,1.0,0.0,0.0,1417889.0,85906.0,72.69,72.69,72.14,72.14,71.47,71.47,73.11,73.11,62.5,62.5
137,50641,USA,United States of America,2020-05-16,1443397.0,25508.0,4360.681,77.063,87568.0,1662.0,264.55400000000003,5.021,362864.0,12330925.0,37.253,1.096,tests performed,3.0,0.0,3.0,0.0,0.0,4.0,0.0,1.0,0.0,2.0,0.0,2.0,0.0,3.0,2.0,0.0,1.0,0.0,0.0,2.0,1.0,3.0,1.0,0.0,0.0,1443397.0,87568.0,72.69,72.69,72.14,72.14,71.47,71.47,73.11,73.11,62.5,62.5
138,50642,USA,United States of America,2020-05-17,1467884.0,24487.0,4434.6590000000015,73.97800000000002,88754.0,1186.0,268.137,3.583,303736.0,12634661.0,38.171,0.918,tests performed,3.0,0.0,3.0,0.0,0.0,4.0,0.0,1.0,0.0,2.0,0.0,2.0,0.0,3.0,2.0,0.0,1.0,0.0,0.0,2.0,1.0,3.0,1.0,0.0,0.0,1467884.0,88754.0,72.69,72.69,72.14,72.14,71.47,71.47,73.11,73.11,62.5,62.5
139,50643,USA,United States of America,2020-05-18,1486757.0,18873.0,4491.677,57.018,89562.0,808.0,270.578,2.441,329474.0,12964135.0,39.166,0.995,tests performed,3.0,0.0,3.0,0.0,0.0,4.0,0.0,1.0,0.0,2.0,0.0,2.0,0.0,3.0,2.0,0.0,1.0,0.0,0.0,2.0,1.0,3.0,1.0,0.0,0.0,1486757.0,89562.0,72.69,72.69,72.14,72.14,71.47,71.47,73.11,73.11,62.5,62.5
140,50644,USA,United States of America,2020-05-19,1508598.0,21841.0,4557.661,65.984,90353.0,791.0,272.968,2.39,453881.0,13418016.0,40.537,1.371,tests performed,3.0,0.0,3.0,0.0,0.0,4.0,0.0,1.0,0.0,2.0,0.0,2.0,0.0,3.0,2.0,0.0,1.0,0.0,0.0,2.0,1.0,3.0,1.0,0.0,0.0,1508598.0,90353.0,72.69,72.69,72.14,72.14,71.47,71.47,73.11,73.11,62.5,62.5
141,50645,USA,United States of America,2020-05-20,1528568.0,19970.0,4617.993,60.332,91921.0,1568.0,277.705,4.737,411823.0,13829839.0,41.782,1.244,tests performed,3.0,0.0,3.0,0.0,0.0,4.0,0.0,1.0,0.0,2.0,0.0,2.0,0.0,3.0,2.0,0.0,1.0,0.0,0.0,2.0,1.0,3.0,1.0,0.0,0.0,1528568.0,91921.0,72.69,72.69,72.14,72.14,71.47,71.47,73.11,73.11,62.5,62.5
142,50646,USA,United States of America,2020-05-21,1551853.0,23285.0,4688.34,70.347,93439.0,1518.0,282.291,4.586,509243.0,14339082.0,43.32,1.538,tests performed,3.0,0.0,3.0,0.0,0.0,4.0,0.0,1.0,0.0,2.0,0.0,2.0,0.0,3.0,2.0,0.0,1.0,0.0,0.0,2.0,1.0,3.0,1.0,0.0,1200000000.0,1551853.0,93439.0,72.69,72.69,72.14,72.14,71.47,71.47,73.11,73.11,62.5,62.5
143,50647,USA,United States of America,2020-05-22,1577287.0,25434.0,4765.179,76.839,94702.0,1263.0,286.106,3.816,492390.0,14831472.0,44.808,1.4880000000000002,tests performed,3.0,0.0,3.0,0.0,0.0,4.0,0.0,1.0,0.0,2.0,0.0,2.0,0.0,3.0,2.0,0.0,1.0,0.0,0.0,2.0,1.0,3.0,1.0,0.0,0.0,1577287.0,94702.0,72.69,72.69,72.14,72.14,71.47,71.47,73.11,73.11,62.5,62.5
144,50648,USA,United States of America,2020-05-23,1601434.0,24147.0,4838.13,72.95100000000002,96007.0,1305.0,290.0490000000001,3.943,381628.0,15213100.0,45.96100000000001,1.153,tests performed,3.0,0.0,3.0,0.0,0.0,4.0,0.0,1.0,0.0,2.0,0.0,2.0,0.0,3.0,2.0,0.0,1.0,0.0,0.0,2.0,1.0,3.0,1.0,0.0,0.0,1601434.0,96007.0,72.69,72.69,72.14,72.14,71.47,71.47,73.11,73.11,62.5,62.5
145,50649,USA,United States of America,2020-05-24,1622670.0,21236.0,4902.287,64.157,97087.0,1080.0,293.312,3.263,294910.0,15508010.0,46.852,0.8909999999999999,tests performed,3.0,0.0,3.0,0.0,0.0,4.0,0.0,1.0,0.0,2.0,0.0,2.0,0.0,3.0,2.0,0.0,1.0,0.0,0.0,2.0,1.0,3.0,1.0,0.0,0.0,1622670.0,97087.0,72.69,72.69,72.14,72.14,71.47,71.47,73.11,73.11,62.5,62.5
146,50650,USA,United States of America,2020-05-25,1643238.0,20568.0,4964.426,62.13800000000001,97720.0,633.0,295.224,1.912,396091.0,15904101.0,48.048,1.197,tests performed,3.0,0.0,3.0,0.0,0.0,4.0,0.0,1.0,0.0,2.0,0.0,2.0,0.0,3.0,2.0,0.0,1.0,0.0,0.0,2.0,1.0,3.0,1.0,0.0,0.0,1643238.0,97720.0,72.69,72.69,72.14,72.14,71.47,71.47,73.11,73.11,62.5,62.5
147,50651,USA,United States of America,2020-05-26,1662302.0,19064.0,5022.02,57.595,98220.0,500.0,296.735,1.511,459240.0,16363341.0,49.43600000000001,1.3869999999999998,tests performed,3.0,0.0,3.0,0.0,0.0,4.0,0.0,1.0,0.0,2.0,0.0,2.0,0.0,3.0,2.0,0.0,1.0,0.0,0.0,2.0,1.0,3.0,1.0,0.0,0.0,1662302.0,98220.0,72.69,72.69,72.14,72.14,71.47,71.47,73.11,73.11,62.5,62.5
148,50652,USA,United States of America,2020-05-27,1681212.0,18910.0,5079.15,57.129,98916.0,696.0,298.837,2.103,516627.0,16879968.0,50.996,1.561,tests performed,3.0,0.0,3.0,0.0,0.0,4.0,0.0,1.0,0.0,2.0,0.0,2.0,0.0,3.0,2.0,0.0,1.0,0.0,0.0,2.0,1.0,3.0,1.0,0.0,0.0,1681212.0,98916.0,72.69,72.69,72.14,72.14,71.47,71.47,73.11,73.11,62.5,62.5
149,50653,USA,United States of America,2020-05-28,1699933.0,18721.0,5135.708,56.558,100442.0,1526.0,303.448,4.61,529753.0,17409721.0,52.597,1.6,tests performed,3.0,0.0,3.0,0.0,0.0,4.0,0.0,1.0,0.0,2.0,0.0,2.0,0.0,3.0,2.0,0.0,1.0,0.0,0.0,2.0,1.0,3.0,1.0,0.0,0.0,1699933.0,100442.0,72.69,72.69,72.14,72.14,71.47,71.47,73.11,73.11,62.5,62.5
150,50654,USA,United States of America,2020-05-29,1721750.0,21817.0,5201.62,65.91199999999999,101617.0,1175.0,306.998,3.55,511545.0,17921266.0,54.142,1.545,tests performed,3.0,0.0,3.0,0.0,0.0,4.0,0.0,1.0,0.0,2.0,0.0,2.0,0.0,3.0,2.0,0.0,1.0,0.0,0.0,2.0,1.0,3.0,1.0,0.0,0.0,1721750.0,101617.0,72.69,72.69,72.14,72.14,71.47,71.47,73.11,73.11,62.5,62.5
151,50655,USA,United States of America,2020-05-30,1747087.0,25337.0,5278.166,76.546,102836.0,1219.0,310.68,3.683,466760.0,18388026.0,55.553,1.41,tests performed,3.0,0.0,3.0,0.0,0.0,4.0,0.0,1.0,0.0,2.0,0.0,2.0,0.0,3.0,2.0,0.0,1.0,0.0,0.0,2.0,1.0,3.0,1.0,0.0,0.0,1747087.0,102836.0,72.69,72.69,72.14,72.14,71.47,71.47,73.11,73.11,62.5,62.5
152,50656,USA,United States of America,2020-05-31,1770384.0,23297.0,5348.549,70.383,103781.0,945.0,313.535,2.855,368750.0,18756776.0,56.667,1.114,tests performed,3.0,0.0,3.0,0.0,0.0,4.0,0.0,1.0,0.0,2.0,0.0,2.0,0.0,3.0,2.0,0.0,1.0,0.0,0.0,2.0,1.0,3.0,1.0,0.0,0.0,1770384.0,103781.0,72.69,72.69,72.14,72.14,71.47,71.47,73.11,73.11,62.5,62.5
153,50657,USA,United States of America,2020-06-01,1790191.0,19807.0,5408.389,59.839,104383.0,602.0,315.3540000000001,1.819,429692.0,19186468.0,57.965,1.298,tests performed,3.0,0.0,3.0,0.0,0.0,4.0,0.0,1.0,0.0,2.0,0.0,2.0,0.0,3.0,2.0,0.0,1.0,0.0,0.0,2.0,1.0,3.0,1.0,0.0,0.0,1790191.0,104383.0,72.69,72.69,72.14,72.14,71.47,71.47,73.11,73.11,62.5,62.5
154,50658,USA,United States of America,2020-06-02,1811277.0,21086.0,5472.092,63.703,105147.0,764.0,317.6620000000001,2.3080000000000003,462375.0,19648843.0,59.362,1.3969999999999998,tests performed,3.0,0.0,3.0,0.0,0.0,4.0,0.0,1.0,0.0,2.0,0.0,2.0,0.0,3.0,2.0,0.0,1.0,0.0,0.0,2.0,1.0,3.0,1.0,0.0,0.0,1811277.0,105147.0,72.69,72.69,72.14,72.14,71.47,71.47,73.11,73.11,62.5,62.5
155,50659,USA,United States of America,2020-06-03,1831821.0,20544.0,5534.158,62.066,106181.0,1034.0,320.786,3.124,619729.0,20268572.0,61.234,1.872,tests performed,3.0,0.0,3.0,0.0,0.0,4.0,0.0,1.0,0.0,2.0,0.0,2.0,0.0,3.0,2.0,0.0,1.0,0.0,0.0,2.0,1.0,3.0,1.0,0.0,0.0,1831821.0,106181.0,72.69,72.69,72.14,72.14,71.47,71.47,73.11,73.11,62.5,62.5
156,50660,USA,United States of America,2020-06-04,1851520.0,19699.0,5593.6709999999985,59.51300000000001,107175.0,994.0,323.789,3.003,600227.0,20868799.0,63.047,1.813,tests performed,3.0,0.0,3.0,0.0,0.0,4.0,0.0,1.0,0.0,2.0,0.0,2.0,0.0,3.0,2.0,0.0,1.0,0.0,0.0,2.0,1.0,3.0,1.0,0.0,0.0,1851520.0,107175.0,72.69,72.69,72.14,72.14,71.47,71.47,73.11,73.11,62.5,62.5
157,50661,USA,United States of America,2020-06-05,1872660.0,21140.0,5657.538000000001,63.867,108211.0,1036.0,326.9190000000001,3.13,550423.0,21419222.0,64.71,1.663,tests performed,3.0,0.0,3.0,0.0,0.0,4.0,0.0,1.0,0.0,2.0,0.0,2.0,0.0,3.0,2.0,0.0,1.0,0.0,0.0,2.0,1.0,3.0,1.0,0.0,0.0,1872660.0,108211.0,72.69,72.69,72.14,72.14,71.47,71.47,73.11,73.11,62.5,62.5
158,50662,USA,United States of America,2020-06-06,1897838.0,25178.0,5733.604,76.066,109143.0,932.0,329.735,2.8160000000000003,504020.0,21923242.0,66.233,1.523,tests performed,3.0,0.0,3.0,0.0,0.0,4.0,0.0,1.0,0.0,2.0,0.0,2.0,0.0,3.0,2.0,0.0,1.0,0.0,0.0,2.0,1.0,3.0,1.0,0.0,0.0,1897838.0,109143.0,72.69,72.69,72.14,72.14,71.47,71.47,73.11,73.11,62.5,62.5
159,50663,USA,United States of America,2020-06-07,1920061.0,22223.0,5800.741999999998,67.138,109802.0,659.0,331.725,1.991,351936.0,22275178.0,67.296,1.063,tests performed,3.0,0.0,3.0,0.0,0.0,4.0,0.0,1.0,0.0,2.0,0.0,2.0,0.0,3.0,2.0,0.0,1.0,0.0,0.0,2.0,1.0,3.0,1.0,0.0,0.0,1920061.0,109802.0,72.69,72.69,72.14,72.14,71.47,71.47,73.11,73.11,62.5,62.5
160,50664,USA,United States of America,2020-06-08,1942363.0,22302.0,5868.1190000000015,67.377,110514.0,712.0,333.876,2.151,680686.0,22955864.0,69.35300000000001,2.056,tests performed,3.0,0.0,3.0,0.0,0.0,4.0,0.0,1.0,0.0,2.0,0.0,2.0,0.0,3.0,2.0,0.0,1.0,0.0,0.0,2.0,1.0,3.0,1.0,0.0,0.0,1942363.0,110514.0,72.69,72.69,72.14,72.14,71.47,71.47,73.11,73.11,62.5,62.5
161,50665,USA,United States of America,2020-06-09,1961185.0,18822.0,5924.983,56.864,111007.0,493.0,335.366,1.489,586160.0,23542024.0,71.123,1.771,tests performed,3.0,0.0,3.0,0.0,0.0,4.0,0.0,1.0,0.0,2.0,0.0,2.0,0.0,3.0,2.0,0.0,1.0,0.0,0.0,2.0,1.0,3.0,1.0,0.0,0.0,1961185.0,111007.0,72.69,72.69,72.14,72.14,71.47,71.47,73.11,73.11,62.5,62.5
162,50666,USA,United States of America,2020-06-10,1979850.0,18665.0,5981.3719999999985,56.389,112006.0,999.0,338.384,3.018,639659.0,24181683.0,73.056,1.932,tests performed,3.0,0.0,3.0,0.0,0.0,4.0,0.0,1.0,0.0,2.0,0.0,2.0,0.0,3.0,2.0,0.0,1.0,0.0,0.0,2.0,1.0,3.0,1.0,0.0,0.0,1979850.0,112006.0,72.69,72.69,72.14,72.14,71.47,71.47,73.11,73.11,62.5,62.5
163,50667,USA,United States of America,2020-06-11,2000464.0,20614.0,6043.65,62.277,112924.0,918.0,341.157,2.773,528503.0,24710186.0,74.653,1.597,tests performed,3.0,0.0,3.0,0.0,0.0,4.0,0.0,1.0,0.0,2.0,0.0,2.0,0.0,3.0,2.0,0.0,1.0,0.0,0.0,2.0,1.0,3.0,1.0,0.0,0.0,2000464.0,112924.0,72.69,72.69,72.14,72.14,71.47,71.47,73.11,73.11,62.5,62.5
164,50668,USA,United States of America,2020-06-12,2023347.0,22883.0,6112.781999999998,69.132,113820.0,896.0,343.8640000000001,2.707,537383.0,25247569.0,76.27600000000002,1.624,tests performed,3.0,0.0,3.0,0.0,0.0,4.0,0.0,1.0,0.0,2.0,0.0,2.0,0.0,3.0,2.0,0.0,1.0,0.0,0.0,2.0,1.0,3.0,1.0,0.0,0.0,2023347.0,113820.0,72.69,72.69,72.14,72.14,71.47,71.47,73.11,73.11,62.5,62.5
165,50669,USA,United States of America,2020-06-13,2048986.0,25639.0,6190.241,77.459,114669.0,849.0,346.4290000000001,2.565,615488.0,25863057.0,78.135,1.859,tests performed,3.0,0.0,3.0,0.0,0.0,4.0,0.0,1.0,0.0,2.0,0.0,2.0,0.0,3.0,2.0,0.0,1.0,0.0,0.0,2.0,1.0,3.0,1.0,0.0,0.0,2048986.0,114669.0,72.69,72.69,72.14,72.14,71.47,71.47,73.11,73.11,62.5,62.5
166,50670,USA,United States of America,2020-06-14,2074526.0,25540.0,6267.4,77.16,115436.0,767.0,348.746,2.317,353153.0,26216210.0,79.202,1.067,tests performed,3.0,0.0,3.0,0.0,0.0,4.0,0.0,1.0,0.0,2.0,0.0,2.0,0.0,3.0,2.0,0.0,1.0,0.0,0.0,2.0,1.0,3.0,1.0,0.0,0.0,2074526.0,115436.0,72.69,72.69,72.14,72.14,71.47,71.47,73.11,73.11,62.5,62.5
167,50671,USA,United States of America,2020-06-15,2094069.0,19543.0,6326.441999999999,59.042,115732.0,296.0,349.641,0.894,567083.0,26783293.0,80.916,1.713,tests performed,3.0,0.0,2.0,0.0,0.0,4.0,0.0,1.0,0.0,2.0,0.0,2.0,0.0,3.0,2.0,0.0,1.0,0.0,0.0,2.0,1.0,3.0,1.0,0.0,0.0,2094069.0,115732.0,68.98,68.98,68.57,68.57,68.91,68.91,70.08,70.08,62.5,62.5
168,50672,USA,United States of America,2020-06-16,2114026.0,19957.0,6386.734,60.293,116127.0,395.0,350.834,1.193,646080.0,27429373.0,82.868,1.952,tests performed,3.0,0.0,2.0,0.0,0.0,4.0,0.0,1.0,0.0,2.0,0.0,2.0,0.0,3.0,2.0,0.0,1.0,0.0,0.0,2.0,1.0,3.0,1.0,0.0,0.0,2114026.0,116127.0,68.98,68.98,68.57,68.57,68.91,68.91,70.08,70.08,62.5,62.5
169,50673,USA,United States of America,2020-06-17,2137731.0,23705.0,6458.35,71.616,116963.0,836.0,353.36,2.526,702021.0,28131394.0,84.988,2.121,tests performed,3.0,0.0,2.0,0.0,0.0,4.0,0.0,1.0,0.0,2.0,0.0,2.0,0.0,3.0,2.0,0.0,1.0,0.0,0.0,2.0,1.0,3.0,1.0,0.0,0.0,2137731.0,116963.0,68.98,68.98,68.57,68.57,68.91,68.91,70.08,70.08,62.5,62.5
170,50674,USA,United States of America,2020-06-18,2163290.0,25559.0,6535.566999999999,77.217,117717.0,754.0,355.6380000000001,2.278,700226.0,28831620.0,87.104,2.115,tests performed,3.0,0.0,2.0,0.0,0.0,4.0,0.0,1.0,0.0,2.0,0.0,2.0,0.0,3.0,2.0,0.0,1.0,0.0,0.0,2.0,1.0,3.0,1.0,0.0,0.0,2163290.0,117717.0,68.98,68.98,68.57,68.57,68.91,68.91,70.08,70.08,62.5,62.5
171,50675,USA,United States of America,2020-06-19,2191052.0,27762.0,6619.44,83.87200000000001,118434.0,717.0,357.8040000000001,2.166,820758.0,29652378.0,89.584,2.48,tests performed,3.0,0.0,2.0,0.0,0.0,4.0,0.0,1.0,0.0,2.0,0.0,2.0,0.0,3.0,2.0,0.0,1.0,0.0,0.0,2.0,1.0,3.0,1.0,0.0,0.0,2191052.0,118434.0,68.98,68.98,68.57,68.57,68.91,68.91,70.08,70.08,62.5,62.5
172,50676,USA,United States of America,2020-06-20,2220961.0,29909.0,6709.798000000002,90.359,119112.0,678.0,359.852,2.048,610968.0,30263346.0,91.429,1.846,tests performed,3.0,0.0,2.0,0.0,0.0,4.0,0.0,1.0,0.0,2.0,0.0,2.0,0.0,3.0,2.0,0.0,1.0,0.0,0.0,2.0,1.0,3.0,1.0,0.0,0.0,2220961.0,119112.0,68.98,68.98,68.57,68.57,68.91,68.91,70.08,70.08,62.5,62.5
173,50677,USA,United States of America,2020-06-21,2255119.0,34158.0,6812.9940000000015,103.196,119719.0,607.0,361.686,1.834,449358.0,30712704.0,92.787,1.358,tests performed,3.0,0.0,2.0,0.0,0.0,4.0,0.0,1.0,0.0,2.0,0.0,2.0,0.0,3.0,2.0,0.0,1.0,0.0,0.0,2.0,1.0,3.0,1.0,0.0,0.0,2255119.0,119719.0,68.98,68.98,68.57,68.57,68.91,68.91,70.08,70.08,62.5,62.5
174,50678,USA,United States of America,2020-06-22,2280912.0,25793.0,6890.9180000000015,77.92399999999998,119975.0,256.0,362.459,0.773,587670.0,31300374.0,94.562,1.775,tests performed,3.0,0.0,2.0,0.0,0.0,4.0,0.0,1.0,0.0,2.0,0.0,2.0,0.0,3.0,2.0,0.0,1.0,0.0,0.0,2.0,1.0,3.0,1.0,0.0,0.0,2280912.0,119975.0,68.98,68.98,68.57,68.57,68.91,68.91,70.08,70.08,62.5,62.5
175,50679,USA,United States of America,2020-06-23,2312302.0,31390.0,6985.751,94.833,120402.0,427.0,363.749,1.29,787782.0,32088156.0,96.942,2.38,tests performed,3.0,0.0,2.0,0.0,0.0,4.0,0.0,1.0,0.0,2.0,0.0,2.0,0.0,3.0,2.0,0.0,1.0,0.0,0.0,2.0,1.0,3.0,1.0,0.0,0.0,2312302.0,120402.0,68.98,68.98,68.57,68.57,68.91,68.91,70.08,70.08,62.5,62.5
176,50680,USA,United States of America,2020-06-24,2347022.0,34720.0,7090.644,104.893,121228.0,826.0,366.245,2.495,726929.0,32815085.0,99.138,2.196,tests performed,3.0,0.0,2.0,0.0,0.0,4.0,0.0,1.0,0.0,2.0,0.0,2.0,0.0,3.0,2.0,0.0,1.0,0.0,0.0,2.0,1.0,3.0,1.0,0.0,0.0,2347022.0,121228.0,68.98,68.98,68.57,68.57,68.91,68.91,70.08,70.08,62.5,62.5
177,50681,USA,United States of America,2020-06-25,2381361.0,34339.0,7194.387,103.742,121979.0,751.0,368.514,2.269,737493.0,33552578.0,101.366,2.228,tests performed,3.0,0.0,2.0,0.0,0.0,4.0,0.0,1.0,0.0,2.0,0.0,2.0,0.0,3.0,2.0,0.0,1.0,0.0,0.0,2.0,1.0,3.0,1.0,0.0,0.0,2381361.0,121979.0,68.98,68.98,68.57,68.57,68.91,68.91,70.08,70.08,62.5,62.5
178,50682,USA,United States of America,2020-06-26,2422310.0,40949.0,7318.099,123.712,124416.0,2437.0,375.876,7.362,773625.0,34326203.0,103.704,2.337,tests performed,3.0,0.0,2.0,0.0,0.0,4.0,0.0,1.0,0.0,2.0,0.0,2.0,0.0,3.0,2.0,0.0,1.0,0.0,0.0,2.0,1.0,3.0,1.0,0.0,0.0,2422310.0,124416.0,68.98,68.98,68.57,68.57,68.91,68.91,70.08,70.08,62.5,62.5
179,50683,USA,United States of America,2020-06-27,2467837.0,45527.0,7455.641,137.543,125039.0,623.0,377.758,1.882,663891.0,34990094.0,105.709,2.006,tests performed,3.0,0.0,2.0,0.0,0.0,4.0,0.0,1.0,0.0,2.0,0.0,2.0,0.0,3.0,2.0,0.0,1.0,0.0,0.0,2.0,1.0,3.0,1.0,0.0,0.0,2467837.0,125039.0,68.98,68.98,68.57,68.57,68.91,68.91,70.08,70.08,62.5,62.5
180,50684,USA,United States of America,2020-06-28,2510323.0,42486.0,7583.9969999999985,128.355,125539.0,500.0,379.269,1.511,488230.0,35478324.0,107.184,1.475,tests performed,3.0,0.0,2.0,0.0,0.0,4.0,0.0,1.0,0.0,2.0,0.0,2.0,0.0,3.0,2.0,0.0,1.0,0.0,0.0,2.0,1.0,3.0,1.0,0.0,0.0,2510323.0,125539.0,68.98,68.98,68.57,68.57,68.91,68.91,70.08,70.08,62.5,62.5
181,50685,USA,United States of America,2020-06-29,2548996.0,38673.0,7700.833,116.836,125804.0,265.0,380.069,0.8009999999999999,762397.0,36240721.0,109.488,2.303,tests performed,3.0,0.0,2.0,0.0,0.0,4.0,0.0,1.0,0.0,2.0,0.0,2.0,0.0,3.0,2.0,0.0,1.0,0.0,0.0,2.0,1.0,3.0,1.0,0.0,0.0,2548996.0,125804.0,68.98,68.98,68.57,68.57,68.91,68.91,70.08,70.08,62.5,62.5
182,50686,USA,United States of America,2020-06-30,2590552.0,41556.0,7826.379,125.546,126140.0,336.0,381.085,1.015,867501.0,37108222.0,112.109,2.6210000000000004,tests performed,3.0,0.0,2.0,0.0,0.0,4.0,0.0,1.0,0.0,2.0,0.0,2.0,0.0,3.0,2.0,0.0,1.0,0.0,0.0,2.0,1.0,3.0,1.0,0.0,0.0,2590552.0,126140.0,68.98,68.98,68.57,68.57,68.91,68.91,70.08,70.08,62.5,62.5
183,50687,USA,United States of America,2020-07-01,2634432.0,43880.0,7958.945,132.567,127410.0,1270.0,384.921,3.837,922626.0,38030848.0,114.896,2.787,tests performed,3.0,0.0,2.0,0.0,0.0,4.0,0.0,1.0,0.0,2.0,0.0,2.0,0.0,3.0,2.0,0.0,1.0,0.0,0.0,2.0,1.0,3.0,1.0,0.0,0.0,2634432.0,127410.0,68.98,68.98,68.57,68.57,68.91,68.91,70.08,70.08,62.5,62.5
184,50688,USA,United States of America,2020-07-02,2686480.0,52048.0,8116.189,157.243,128062.0,652.0,386.891,1.97,745821.0,38776669.0,117.149,2.253,tests performed,3.0,0.0,2.0,0.0,0.0,4.0,0.0,1.0,0.0,2.0,0.0,2.0,0.0,3.0,2.0,0.0,1.0,0.0,0.0,2.0,1.0,3.0,1.0,0.0,0.0,2686480.0,128062.0,68.98,68.98,68.57,68.57,68.91,68.91,70.08,70.08,62.5,62.5
185,50689,USA,United States of America,2020-07-03,2739879.0,53399.0,8277.514000000001,161.325,128740.0,678.0,388.939,2.048,761002.0,39537671.0,119.448,2.299,tests performed,3.0,0.0,2.0,0.0,0.0,4.0,0.0,1.0,0.0,2.0,0.0,2.0,0.0,3.0,2.0,0.0,1.0,0.0,0.0,2.0,1.0,3.0,1.0,0.0,0.0,2739879.0,128740.0,68.98,68.98,68.57,68.57,68.91,68.91,70.08,70.08,62.5,62.5
186,50690,USA,United States of America,2020-07-04,2794321.0,54442.0,8441.99,164.476,129434.0,694.0,391.036,2.097,531065.0,40068736.0,121.053,1.604,tests performed,3.0,0.0,2.0,0.0,0.0,4.0,0.0,1.0,0.0,2.0,0.0,2.0,0.0,3.0,2.0,0.0,1.0,0.0,0.0,2.0,1.0,3.0,1.0,0.0,0.0,2794321.0,129434.0,68.98,68.98,68.57,68.57,68.91,68.91,70.08,70.08,62.5,62.5
187,50691,USA,United States of America,2020-07-05,2839542.0,45221.0,8578.608,136.618,129676.0,242.0,391.767,0.731,445978.0,40514714.0,122.4,1.347,tests performed,3.0,0.0,2.0,0.0,0.0,4.0,0.0,1.0,0.0,2.0,0.0,2.0,0.0,3.0,2.0,0.0,1.0,0.0,0.0,2.0,1.0,3.0,1.0,0.0,0.0,2839542.0,129676.0,68.98,68.98,68.57,68.57,68.91,68.91,70.08,70.08,62.5,62.5
188,50692,USA,United States of America,2020-07-06,2888635.0,49093.0,8726.924,148.316,129947.0,271.0,392.586,0.8190000000000001,894017.0,41408731.0,125.101,2.701,tests performed,3.0,0.0,2.0,0.0,0.0,4.0,0.0,1.0,0.0,2.0,0.0,2.0,0.0,3.0,2.0,0.0,1.0,0.0,0.0,2.0,1.0,3.0,1.0,0.0,0.0,2888635.0,129947.0,68.98,68.98,68.57,68.57,68.91,68.91,70.08,70.08,62.5,62.5
189,50693,USA,United States of America,2020-07-07,2938625.0,49990.0,8877.95,151.026,130306.0,359.0,393.671,1.085,859869.0,42268600.0,127.699,2.5980000000000003,tests performed,3.0,0.0,2.0,0.0,0.0,4.0,0.0,1.0,0.0,2.0,0.0,2.0,0.0,3.0,2.0,0.0,1.0,0.0,0.0,2.0,1.0,3.0,1.0,0.0,1600000000.0,2938625.0,130306.0,68.98,68.98,68.57,68.57,68.91,68.91,70.08,70.08,62.5,62.5
190,50694,USA,United States of America,2020-07-08,2996098.0,57473.0,9051.583,173.63299999999995,131480.0,1174.0,397.217,3.547,932986.0,43201586.0,130.517,2.819,tests performed,3.0,0.0,2.0,0.0,0.0,4.0,0.0,1.0,0.0,2.0,0.0,2.0,0.0,3.0,2.0,0.0,1.0,0.0,0.0,2.0,1.0,3.0,1.0,0.0,0.0,2996098.0,131480.0,68.98,68.98,68.57,68.57,68.91,68.91,70.08,70.08,62.5,62.5
191,50695,USA,United States of America,2020-07-09,3055004.0,58906.0,9229.546,177.96200000000005,132309.0,829.0,399.722,2.505,944202.0,44145788.0,133.37,2.853,tests performed,3.0,0.0,2.0,0.0,0.0,4.0,0.0,1.0,0.0,2.0,0.0,2.0,0.0,3.0,2.0,0.0,1.0,0.0,0.0,2.0,1.0,3.0,1.0,0.0,0.0,3055004.0,132309.0,68.98,68.98,68.57,68.57,68.91,68.91,70.08,70.08,62.5,62.5
192,50696,USA,United States of America,2020-07-10,3118008.0,63004.0,9419.888,190.343,133291.0,982.0,402.689,2.967,948675.0,45094463.0,136.236,2.866,tests performed,3.0,0.0,2.0,0.0,0.0,4.0,0.0,1.0,0.0,2.0,0.0,2.0,0.0,3.0,2.0,0.0,1.0,0.0,0.0,2.0,1.0,3.0,1.0,0.0,0.0,3118008.0,133291.0,68.98,68.98,68.57,68.57,68.91,68.91,70.08,70.08,62.5,62.5
193,50697,USA,United States of America,2020-07-11,3184633.0,66625.0,9621.171,201.282,134097.0,806.0,405.124,2.435,828575.0,45923038.0,138.739,2.503,tests performed,3.0,0.0,2.0,0.0,0.0,4.0,0.0,1.0,0.0,2.0,0.0,2.0,0.0,3.0,2.0,0.0,1.0,0.0,0.0,2.0,1.0,3.0,1.0,0.0,0.0,3184633.0,134097.0,68.98,68.98,68.57,68.57,68.91,68.91,70.08,70.08,62.5,62.5
194,50698,USA,United States of America,2020-07-12,3247684.0,63051.0,9811.656,190.485,134814.0,717.0,407.29,2.166,719741.0,46642779.0,140.914,2.174,tests performed,3.0,0.0,2.0,0.0,0.0,4.0,0.0,1.0,0.0,2.0,0.0,2.0,0.0,3.0,2.0,0.0,1.0,0.0,0.0,2.0,1.0,3.0,1.0,0.0,0.0,3247684.0,134814.0,68.98,68.98,68.57,68.57,68.91,68.91,70.08,70.08,62.5,62.5
195,50699,USA,United States of America,2020-07-13,3304942.0,57258.0,9984.639,172.984,135205.0,391.0,408.471,1.181,835501.0,47478280.0,143.438,2.524,tests performed,3.0,0.0,2.0,0.0,0.0,4.0,0.0,1.0,0.0,2.0,0.0,2.0,0.0,3.0,2.0,0.0,1.0,0.0,0.0,2.0,1.0,3.0,1.0,0.0,0.0,3304942.0,135205.0,68.98,68.98,68.57,68.57,68.91,68.91,70.08,70.08,62.5,62.5
196,50700,USA,United States of America,2020-07-14,3363056.0,58114.0,10160.209,175.57,135605.0,400.0,409.68,1.208,924701.0,48402981.0,146.231,2.794,tests performed,3.0,0.0,2.0,0.0,0.0,4.0,0.0,1.0,0.0,2.0,0.0,2.0,0.0,3.0,2.0,0.0,1.0,0.0,0.0,2.0,1.0,3.0,1.0,0.0,0.0,3363056.0,135605.0,68.98,68.98,68.57,68.57,68.91,68.91,70.08,70.08,62.5,62.5
197,50701,USA,United States of America,2020-07-15,3431574.0,68518.0,10367.21,207.001,136466.0,861.0,412.281,2.6010000000000004,877194.0,49280175.0,148.882,2.65,tests performed,3.0,0.0,2.0,0.0,0.0,4.0,0.0,1.0,0.0,2.0,0.0,2.0,0.0,3.0,2.0,0.0,1.0,0.0,0.0,2.0,1.0,3.0,1.0,0.0,0.0,3431574.0,136466.0,68.98,68.98,68.57,68.57,68.91,68.91,70.08,70.08,62.5,62.5
198,50702,USA,United States of America,2020-07-16,3499291.0,67717.0,10571.792,204.581,137419.0,953.0,415.16,2.879,1117067.0,50397242.0,152.256,3.375,tests performed,3.0,0.0,2.0,0.0,0.0,4.0,0.0,1.0,0.0,2.0,0.0,2.0,0.0,3.0,2.0,0.0,1.0,0.0,0.0,2.0,1.0,3.0,1.0,0.0,0.0,3499291.0,137419.0,68.98,68.98,68.57,68.57,68.91,68.91,70.08,70.08,62.5,62.5
199,50703,USA,United States of America,2020-07-17,3576221.0,76930.0,10804.207,232.415,138358.0,939.0,417.997,2.837,1018423.0,51415665.0,155.333,3.077,tests performed,3.0,0.0,2.0,0.0,0.0,4.0,0.0,1.0,0.0,2.0,0.0,2.0,0.0,3.0,2.0,0.0,1.0,0.0,0.0,2.0,1.0,3.0,1.0,0.0,0.0,3576221.0,138358.0,68.98,68.98,68.57,68.57,68.91,68.91,70.08,70.08,62.5,62.5
200,50704,USA,United States of America,2020-07-18,3647715.0,71494.0,11020.199,215.992,139266.0,908.0,420.74,2.7430000000000003,869852.0,52285517.0,157.961,2.628,tests performed,3.0,0.0,2.0,0.0,0.0,4.0,0.0,1.0,0.0,2.0,0.0,2.0,0.0,3.0,2.0,0.0,1.0,0.0,0.0,2.0,1.0,3.0,1.0,0.0,0.0,3647715.0,139266.0,68.98,68.98,68.57,68.57,68.91,68.91,70.08,70.08,62.5,62.5
201,50705,USA,United States of America,2020-07-19,3711464.0,63749.0,11212.793,192.594,140119.0,853.0,423.317,2.577,610681.0,52896198.0,159.806,1.845,tests performed,3.0,0.0,2.0,0.0,0.0,4.0,0.0,1.0,0.0,2.0,0.0,2.0,0.0,3.0,2.0,0.0,1.0,0.0,0.0,2.0,1.0,3.0,1.0,0.0,0.0,3711464.0,140119.0,68.98,68.98,68.57,68.57,68.91,68.91,70.08,70.08,62.5,62.5
202,50706,USA,United States of America,2020-07-20,3773260.0,61796.0,11399.486,186.693,140534.0,415.0,424.571,1.254,753453.0,53649651.0,162.082,2.276,tests performed,3.0,0.0,2.0,0.0,0.0,4.0,0.0,1.0,0.0,1.0,1.0,2.0,0.0,3.0,2.0,0.0,1.0,0.0,0.0,2.0,1.0,3.0,1.0,0.0,0.0,3773260.0,140534.0,67.13,67.13,68.57,68.57,67.63,67.63,68.56,68.56,62.5,62.5
203,50707,USA,United States of America,2020-07-21,3830010.0,56750.0,11570.935,171.449,140906.0,372.0,425.694,1.124,1244195.0,54893846.0,165.84099999999995,3.759,tests performed,3.0,0.0,2.0,0.0,0.0,4.0,0.0,1.0,0.0,1.0,1.0,2.0,0.0,3.0,2.0,0.0,1.0,0.0,0.0,2.0,1.0,3.0,1.0,0.0,0.0,3830010.0,140906.0,67.13,67.13,68.57,68.57,67.63,67.63,68.56,68.56,62.5,62.5
204,50708,USA,United States of America,2020-07-22,3902058.0,72048.0,11788.601,217.666,142066.0,1160.0,429.199,3.505,1063979.0,55957825.0,169.05599999999995,3.214,tests performed,3.0,0.0,2.0,0.0,0.0,4.0,0.0,1.0,0.0,1.0,1.0,2.0,0.0,3.0,2.0,0.0,1.0,0.0,1950000.0,2.0,1.0,3.0,1.0,0.0,1950000000.0,3902058.0,142066.0,67.13,67.13,68.57,68.57,67.63,67.63,68.56,68.56,62.5,62.5
205,50709,USA,United States of America,2020-07-23,3970906.0,68848.0,11996.598999999998,207.998,143190.0,1124.0,432.595,3.3960000000000004,1051650.0,57009475.0,172.233,3.177,tests performed,3.0,0.0,2.0,0.0,0.0,4.0,0.0,1.0,0.0,1.0,1.0,2.0,0.0,3.0,2.0,0.0,1.0,0.0,0.0,2.0,1.0,3.0,1.0,0.0,0.0,3970906.0,143190.0,67.13,67.13,68.57,68.57,67.63,67.63,68.56,68.56,62.5,62.5
206,50710,USA,United States of America,2020-07-24,4034102.0,63196.0,12187.522,190.923,144242.0,1052.0,435.773,3.178,907343.0,57916818.0,174.97400000000005,2.741,tests performed,3.0,0.0,2.0,0.0,0.0,4.0,0.0,1.0,0.0,1.0,1.0,2.0,0.0,3.0,2.0,0.0,1.0,0.0,0.0,2.0,1.0,3.0,1.0,0.0,0.0,4034102.0,144242.0,67.13,67.13,68.57,68.57,67.63,67.63,68.56,68.56,62.5,62.5
207,50711,USA,United States of America,2020-07-25,4112529.0,78427.0,12424.46,236.938,145546.0,1304.0,439.712,3.94,941220.0,58858038.0,177.817,2.844,tests performed,3.0,0.0,2.0,0.0,0.0,4.0,0.0,1.0,0.0,1.0,1.0,2.0,0.0,3.0,2.0,0.0,1.0,0.0,0.0,2.0,1.0,3.0,1.0,0.0,0.0,4112529.0,145546.0,67.13,67.13,68.57,68.57,67.63,67.63,68.56,68.56,62.5,62.5
208,50712,USA,United States of America,2020-07-26,4178027.0,65498.0,12622.337,197.878,146460.0,914.0,442.474,2.761,644165.0,59502203.0,179.764,1.946,tests performed,3.0,0.0,2.0,0.0,0.0,4.0,0.0,1.0,0.0,1.0,1.0,2.0,0.0,3.0,2.0,0.0,1.0,0.0,0.0,2.0,1.0,3.0,1.0,0.0,472000000.0,4178027.0,146460.0,67.13,67.13,68.57,68.57,67.63,67.63,68.56,68.56,62.5,62.5
209,50713,USA,United States of America,2020-07-27,4234020.0,55993.0,12791.499,169.162,146935.0,475.0,443.909,1.435,731525.0,60233728.0,181.974,2.21,tests performed,3.0,0.0,2.0,0.0,0.0,4.0,0.0,1.0,0.0,1.0,1.0,2.0,0.0,3.0,2.0,0.0,1.0,0.0,0.0,2.0,1.0,3.0,1.0,0.0,,4234020.0,146935.0,67.13,67.13,68.57,68.57,67.63,67.63,68.56,68.56,62.5,62.5
210,50714,USA,United States of America,2020-07-28,4290263.0,56243.0,12961.416,169.917,148011.0,1076.0,447.16,3.2510000000000003,881386.0,61115114.0,184.636,2.6630000000000003,tests performed,3.0,0.0,2.0,0.0,0.0,4.0,0.0,1.0,0.0,1.0,1.0,2.0,0.0,3.0,2.0,0.0,1.0,0.0,0.0,2.0,1.0,3.0,1.0,0.0,0.0,4290263.0,148011.0,67.13,67.13,68.57,68.57,67.63,67.63,68.56,68.56,62.5,62.5
211,50715,USA,United States of America,2020-07-29,4351997.0,61734.0,13147.922,186.506,149256.0,1245.0,450.921,3.761,871369.0,61986483.0,187.269,2.633,tests performed,3.0,0.0,2.0,0.0,0.0,4.0,0.0,1.0,0.0,1.0,1.0,2.0,0.0,3.0,2.0,0.0,1.0,0.0,0.0,2.0,1.0,3.0,1.0,0.0,0.0,4351997.0,149256.0,67.13,67.13,68.57,68.57,67.63,67.63,68.56,68.56,62.5,62.5
212,50716,USA,United States of America,2020-07-30,4426982.0,74985.0,13374.461,226.539,150713.0,1457.0,455.323,4.402,1009409.0,62995892.0,190.318,3.05,tests performed,3.0,0.0,2.0,0.0,0.0,4.0,0.0,1.0,0.0,1.0,1.0,2.0,0.0,3.0,2.0,0.0,1.0,0.0,0.0,2.0,1.0,3.0,1.0,0.0,0.0,4426982.0,150713.0,67.13,67.13,68.57,68.57,67.63,67.63,68.56,68.56,62.5,62.5
213,50717,USA,United States of America,2020-07-31,4495014.0,68032.0,13579.994,205.533,152070.0,1357.0,459.422,4.1,975913.0,63971805.0,193.267,2.948,tests performed,3.0,0.0,2.0,0.0,0.0,4.0,0.0,1.0,0.0,1.0,1.0,2.0,0.0,3.0,2.0,0.0,1.0,0.0,0.0,2.0,1.0,3.0,1.0,0.0,0.0,4495014.0,152070.0,67.13,67.13,68.57,68.57,67.63,67.63,68.56,68.56,62.5,62.5
214,50718,USA,United States of America,2020-08-01,4562037.0,67023.0,13782.479,202.485,153314.0,1244.0,463.181,3.758,779453.0,64751258.0,195.622,2.355,tests performed,3.0,0.0,2.0,0.0,0.0,4.0,0.0,1.0,0.0,1.0,1.0,2.0,0.0,3.0,2.0,0.0,1.0,0.0,0.0,2.0,1.0,3.0,1.0,0.0,0.0,4562037.0,153314.0,67.13,67.13,68.57,68.57,67.63,67.63,68.56,68.56,62.5,62.5
215,50719,USA,United States of America,2020-08-02,4620444.0,58407.0,13958.934,176.455,154447.0,1133.0,466.604,3.423,585720.0,65336978.0,197.391,1.77,tests performed,3.0,0.0,2.0,0.0,0.0,4.0,0.0,1.0,0.0,1.0,1.0,2.0,0.0,3.0,2.0,0.0,1.0,0.0,0.0,2.0,1.0,3.0,1.0,0.0,0.0,4620444.0,154447.0,67.13,67.13,68.57,68.57,67.63,67.63,68.56,68.56,62.5,62.5
216,50720,USA,United States of America,2020-08-03,4667955.0,47511.0,14102.47,143.537,154860.0,413.0,467.851,1.248,693824.0,66030802.0,199.487,2.096,tests performed,3.0,0.0,2.0,0.0,0.0,4.0,0.0,1.0,0.0,1.0,1.0,2.0,0.0,3.0,2.0,0.0,1.0,0.0,0.0,2.0,1.0,3.0,1.0,0.0,,4667955.0,154860.0,67.13,67.13,68.57,68.57,67.63,67.63,68.56,68.56,62.5,62.5
217,50721,USA,United States of America,2020-08-04,4713562.0,45607.0,14240.255,137.784,155403.0,543.0,469.492,1.64,790160.0,66820962.0,201.874,2.387,tests performed,3.0,0.0,2.0,0.0,0.0,4.0,0.0,1.0,0.0,1.0,1.0,2.0,0.0,3.0,2.0,0.0,1.0,0.0,0.0,2.0,1.0,3.0,1.0,0.0,,4713562.0,155403.0,67.13,67.13,68.57,68.57,67.63,67.63,68.56,68.56,62.5,62.5
218,50722,USA,United States of America,2020-08-05,4771087.0,57525.0,14414.045,173.79,156806.0,1403.0,473.73,4.239,891066.0,67712028.0,204.566,2.692,tests performed,3.0,0.0,2.0,0.0,0.0,4.0,0.0,1.0,0.0,1.0,1.0,2.0,0.0,3.0,2.0,0.0,1.0,0.0,0.0,2.0,1.0,3.0,1.0,0.0,1000000000.0,4771087.0,156806.0,67.13,67.13,68.57,68.57,67.63,67.63,68.56,68.56,62.5,62.5
219,50723,USA,United States of America,2020-08-06,4823891.0,52804.0,14573.572,159.52700000000004,158256.0,1450.0,478.111,4.381,914424.0,68626452.0,207.329,2.763,tests performed,3.0,0.0,2.0,0.0,0.0,4.0,0.0,1.0,0.0,1.0,1.0,2.0,0.0,3.0,2.0,0.0,1.0,,0.0,2.0,1.0,3.0,1.0,0.0,0.0,4823891.0,158256.0,67.13,67.13,68.57,68.57,67.63,67.63,68.56,68.56,62.5,62.5
220,50724,USA,United States of America,2020-08-07,4883646.0,59755.0,14754.1,180.527,160104.0,1848.0,483.694,5.582999999999998,921676.0,69548128.0,210.114,2.784,tests performed,3.0,0.0,2.0,0.0,0.0,4.0,0.0,1.0,0.0,1.0,1.0,2.0,0.0,3.0,2.0,0.0,1.0,0.0,0.0,2.0,1.0,3.0,1.0,0.0,0.0,4883646.0,160104.0,67.13,67.13,68.57,68.57,67.63,67.63,68.56,68.56,62.5,62.5
221,50725,USA,United States of America,2020-08-08,4941796.0,58150.0,14929.778,175.678,161356.0,1252.0,487.476,3.782,826348.0,70374476.0,212.61,2.496,tests performed,3.0,0.0,2.0,0.0,0.0,4.0,0.0,1.0,0.0,1.0,1.0,2.0,0.0,3.0,2.0,0.0,1.0,0.0,0.0,2.0,1.0,3.0,1.0,0.0,0.0,4941796.0,161356.0,67.13,67.13,68.57,68.57,67.63,67.63,68.56,68.56,62.5,62.5
222,50726,USA,United States of America,2020-08-09,4998017.0,56221.0,15099.628,169.851,162425.0,1069.0,490.706,3.23,718897.0,71093373.0,214.782,2.172,tests performed,3.0,0.0,2.0,0.0,0.0,4.0,0.0,1.0,0.0,1.0,1.0,2.0,0.0,3.0,2.0,0.0,1.0,0.0,0.0,2.0,1.0,3.0,1.0,0.0,0.0,4998017.0,162425.0,67.13,67.13,68.57,68.57,67.63,67.63,68.56,68.56,62.5,62.5
223,50727,USA,United States of America,2020-08-10,5044864.0,46847.0,15241.159,141.531,162938.0,513.0,492.256,1.55,796799.0,71890172.0,217.189,2.407,tests performed,3.0,0.0,2.0,0.0,0.0,4.0,0.0,1.0,0.0,1.0,1.0,2.0,0.0,3.0,2.0,0.0,1.0,0.0,0.0,2.0,1.0,3.0,1.0,0.0,0.0,5044864.0,162938.0,67.13,67.13,68.57,68.57,67.63,67.63,68.56,68.56,62.5,62.5
224,50728,USA,United States of America,2020-08-11,5094394.0,49530.0,15390.795,149.636,163461.0,523.0,493.836,1.58,970445.0,72860617.0,220.121,2.932,tests performed,3.0,0.0,2.0,0.0,0.0,4.0,0.0,1.0,0.0,1.0,1.0,2.0,0.0,3.0,2.0,0.0,1.0,0.0,0.0,2.0,1.0,3.0,1.0,0.0,0.0,5094394.0,163461.0,67.13,67.13,68.57,68.57,67.63,67.63,68.56,68.56,62.5,62.5
225,50729,USA,United States of America,2020-08-12,5141207.0,46813.0,15532.223,141.428,164537.0,1076.0,497.087,3.2510000000000003,968436.0,73829053.0,223.047,2.926,tests performed,3.0,0.0,2.0,0.0,0.0,4.0,0.0,1.0,0.0,1.0,1.0,2.0,0.0,3.0,2.0,0.0,1.0,0.0,0.0,2.0,1.0,3.0,1.0,0.0,0.0,5141207.0,164537.0,67.13,67.13,68.57,68.57,67.63,67.63,68.56,68.56,62.5,62.5
226,50730,USA,United States of America,2020-08-13,5197148.0,55941.0,15701.228,169.005,166027.0,1490.0,501.588,4.501,1054366.0,74883419.0,226.232,3.185,tests performed,3.0,0.0,2.0,0.0,0.0,4.0,0.0,1.0,0.0,1.0,1.0,2.0,0.0,3.0,2.0,0.0,1.0,0.0,0.0,2.0,1.0,3.0,1.0,0.0,0.0,5197148.0,166027.0,67.13,67.13,68.57,68.57,67.63,67.63,68.56,68.56,62.5,62.5
227,50731,USA,United States of America,2020-08-14,5248242.0,51094.0,15855.589,154.361,167110.0,1083.0,504.86,3.272,987568.0,75870987.0,229.216,2.984,tests performed,3.0,0.0,2.0,0.0,0.0,4.0,0.0,1.0,0.0,1.0,1.0,2.0,0.0,3.0,2.0,0.0,1.0,0.0,0.0,2.0,1.0,3.0,1.0,0.0,0.0,5248242.0,167110.0,67.13,67.13,68.57,68.57,67.63,67.63,68.56,68.56,62.5,62.5
228,50732,USA,United States of America,2020-08-15,5313080.0,64838.0,16051.473,195.884,168446.0,1336.0,508.896,4.0360000000000005,849855.0,76720842.0,231.783,2.568,tests performed,3.0,0.0,2.0,0.0,0.0,4.0,0.0,1.0,0.0,1.0,1.0,2.0,0.0,3.0,2.0,0.0,1.0,0.0,0.0,2.0,1.0,3.0,1.0,0.0,0.0,5313080.0,168446.0,67.13,67.13,68.57,68.57,67.63,67.63,68.56,68.56,62.5,62.5
229,50733,USA,United States of America,2020-08-16,5361165.0,48085.0,16196.744,145.27100000000004,169481.0,1035.0,512.023,3.127,629934.0,77350776.0,233.686,1.903,tests performed,3.0,0.0,2.0,0.0,0.0,4.0,0.0,1.0,0.0,1.0,1.0,2.0,0.0,3.0,2.0,0.0,1.0,0.0,0.0,2.0,1.0,3.0,1.0,0.0,0.0,5361165.0,169481.0,67.13,67.13,68.57,68.57,67.63,67.63,68.56,68.56,62.5,62.5
230,50734,USA,United States of America,2020-08-17,5403269.0,42104.0,16323.945,127.201,170052.0,571.0,513.748,1.725,676982.0,78027758.0,235.732,2.045,tests performed,3.0,0.0,2.0,0.0,0.0,4.0,0.0,1.0,0.0,1.0,1.0,2.0,0.0,3.0,2.0,0.0,1.0,0.0,0.0,2.0,1.0,3.0,1.0,750000.0,0.0,5403269.0,170052.0,67.13,67.13,68.57,68.57,67.63,67.63,68.56,68.56,62.5,62.5
231,50735,USA,United States of America,2020-08-18,5438325.0,35056.0,16429.854,105.909,170497.0,445.0,515.0930000000002,1.344,864187.0,78891945.0,238.342,2.611,tests performed,3.0,0.0,2.0,0.0,0.0,4.0,0.0,1.0,0.0,1.0,1.0,2.0,0.0,3.0,2.0,0.0,1.0,0.0,0.0,2.0,1.0,3.0,1.0,,0.0,5438325.0,170497.0,67.13,67.13,68.57,68.57,67.63,67.63,68.56,68.56,62.5,62.5
232,50736,USA,United States of America,2020-08-19,5482416.0,44091.0,16563.058,133.204,171821.0,1324.0,519.0930000000002,4.0,970568.0,79862513.0,241.275,2.932,tests performed,3.0,0.0,2.0,0.0,0.0,4.0,0.0,1.0,0.0,1.0,1.0,2.0,0.0,3.0,2.0,0.0,1.0,0.0,0.0,2.0,1.0,3.0,1.0,,0.0,5482416.0,171821.0,67.13,67.13,68.57,68.57,67.63,67.63,68.56,68.56,62.5,62.5
233,50737,USA,United States of America,2020-08-20,5529842.0,47426.0,16706.338,143.28,173177.0,1356.0,523.189,4.097,977014.0,80839527.0,244.226,2.952,tests performed,3.0,0.0,2.0,0.0,0.0,4.0,0.0,1.0,0.0,1.0,1.0,2.0,0.0,3.0,2.0,0.0,1.0,0.0,0.0,2.0,1.0,3.0,1.0,,0.0,5529842.0,173177.0,67.13,67.13,68.57,68.57,67.63,67.63,68.56,68.56,62.5,62.5
234,50738,USA,United States of America,2020-08-21,5573847.0,44005.0,16839.282,132.945,174255.0,1078.0,526.446,3.257,943086.0,81782613.0,247.075,2.849,tests performed,3.0,0.0,2.0,0.0,0.0,4.0,0.0,1.0,0.0,1.0,1.0,2.0,0.0,3.0,2.0,0.0,1.0,0.0,0.0,2.0,1.0,3.0,1.0,,0.0,5573847.0,174255.0,67.13,67.13,68.57,68.57,67.63,67.63,68.56,68.56,62.5,62.5
235,50739,USA,United States of America,2020-08-22,5623727.0,49880.0,16989.976000000002,150.694,175406.0,1151.0,529.923,3.477,790806.0,82573419.0,249.465,2.389,tests performed,3.0,0.0,2.0,0.0,0.0,4.0,0.0,1.0,0.0,1.0,1.0,2.0,0.0,3.0,2.0,0.0,1.0,0.0,0.0,2.0,1.0,3.0,1.0,,0.0,5623727.0,175406.0,67.13,67.13,68.57,68.57,67.63,67.63,68.56,68.56,62.5,62.5
236,50740,USA,United States of America,2020-08-23,5668105.0,44378.0,17124.047,134.071,176362.0,956.0,532.811,2.888,616745.0,83190164.0,251.328,1.863,tests performed,3.0,0.0,2.0,0.0,0.0,4.0,0.0,1.0,0.0,1.0,1.0,2.0,0.0,3.0,2.0,0.0,1.0,0.0,0.0,2.0,1.0,3.0,1.0,,0.0,5668105.0,176362.0,67.13,67.13,68.57,68.57,67.63,67.63,68.56,68.56,62.5,62.5
237,50741,USA,United States of America,2020-08-24,5702611.0,34506.0,17228.293999999998,104.247,176806.0,444.0,534.153,1.341,652573.0,83842737.0,253.299,1.972,tests performed,3.0,0.0,2.0,0.0,0.0,4.0,0.0,1.0,0.0,1.0,1.0,2.0,0.0,3.0,2.0,0.0,1.0,0.0,0.0,2.0,1.0,3.0,1.0,,0.0,5702611.0,176806.0,67.13,67.13,68.57,68.57,67.63,67.63,68.56,68.56,62.5,62.5
238,50742,USA,United States of America,2020-08-25,5740909.0,38298.0,17343.997,115.703,177279.0,473.0,535.582,1.429,886086.0,84728823.0,255.976,2.677,tests performed,3.0,0.0,2.0,0.0,0.0,4.0,0.0,1.0,0.0,1.0,1.0,2.0,0.0,3.0,2.0,0.0,1.0,0.0,0.0,2.0,1.0,3.0,1.0,,0.0,5740909.0,177279.0,67.13,67.13,68.57,68.57,67.63,67.63,68.56,68.56,62.5,62.5
239,50743,USA,United States of America,2020-08-26,5779028.0,38119.0,17459.159,115.162,178486.0,1207.0,539.2280000000002,3.646,941355.0,85670178.0,258.82,2.844,tests performed,3.0,0.0,2.0,0.0,0.0,4.0,0.0,1.0,0.0,1.0,1.0,2.0,0.0,3.0,2.0,0.0,1.0,0.0,0.0,2.0,1.0,3.0,1.0,,0.0,5779028.0,178486.0,67.13,67.13,68.57,68.57,67.63,67.63,68.56,68.56,62.5,62.5
240,50744,USA,United States of America,2020-08-27,5821876.0,42848.0,17588.609,129.44899999999998,179714.0,1228.0,542.938,3.71,863037.0,86533215.0,261.428,2.607,tests performed,3.0,0.0,2.0,0.0,0.0,4.0,0.0,1.0,0.0,1.0,1.0,2.0,0.0,3.0,2.0,0.0,1.0,0.0,0.0,2.0,1.0,3.0,1.0,,0.0,5821876.0,179714.0,67.13,67.13,68.57,68.57,67.63,67.63,68.56,68.56,62.5,62.5
241,50745,USA,United States of America,2020-08-28,5867785.0,45909.0,17727.305,138.697,180824.0,1110.0,546.2919999999998,3.353,1133425.0,87666640.0,264.85200000000003,3.424,tests performed,3.0,0.0,2.0,0.0,0.0,4.0,0.0,1.0,0.0,1.0,1.0,2.0,0.0,3.0,2.0,0.0,1.0,0.0,0.0,2.0,1.0,3.0,1.0,,0.0,5867785.0,180824.0,67.13,67.13,68.57,68.57,67.63,67.63,68.56,68.56,62.5,62.5
242,50746,USA,United States of America,2020-08-29,5917439.0,49654.0,17877.316000000006,150.011,181773.0,949.0,549.159,2.867,862920.0,88529560.0,267.459,2.607,tests performed,3.0,0.0,2.0,0.0,0.0,4.0,0.0,1.0,0.0,1.0,1.0,2.0,0.0,3.0,2.0,0.0,1.0,0.0,0.0,2.0,1.0,3.0,1.0,,0.0,5917439.0,181773.0,67.13,67.13,68.57,68.57,67.63,67.63,68.56,68.56,62.5,62.5
243,50747,USA,United States of America,2020-08-30,5961582.0,44143.0,18010.678,133.361,182779.0,1006.0,552.198,3.039,620624.0,89150184.0,269.334,1.875,tests performed,3.0,0.0,2.0,0.0,0.0,4.0,0.0,1.0,0.0,1.0,1.0,2.0,0.0,3.0,2.0,0.0,1.0,0.0,0.0,2.0,1.0,3.0,1.0,,0.0,5961582.0,182779.0,67.13,67.13,68.57,68.57,67.63,67.63,68.56,68.56,62.5,62.5
244,50748,USA,United States of America,2020-08-31,5997163.0,35581.0,18118.172,107.495,183069.0,290.0,553.0740000000002,0.8759999999999999,699073.0,89849257.0,271.446,2.112,tests performed,3.0,0.0,2.0,0.0,0.0,4.0,0.0,1.0,0.0,1.0,1.0,2.0,0.0,3.0,2.0,0.0,1.0,0.0,0.0,2.0,1.0,3.0,1.0,,0.0,5997163.0,183069.0,67.13,67.13,68.57,68.57,67.63,67.63,68.56,68.56,62.5,62.5
245,50749,USA,United States of America,2020-09-01,6031013.0,33850.0,18220.437,102.265,183598.0,529.0,554.672,1.598,869674.0,90718931.0,274.073,2.627,tests performed,3.0,0.0,2.0,0.0,0.0,4.0,0.0,1.0,0.0,1.0,1.0,2.0,0.0,3.0,2.0,0.0,1.0,0.0,0.0,2.0,1.0,3.0,1.0,,0.0,6031013.0,183598.0,67.13,67.13,68.57,68.57,67.63,67.63,68.56,68.56,62.5,62.5
246,50750,USA,United States of America,2020-09-02,6075652.0,44639.0,18355.297,134.86,184689.0,1091.0,557.9680000000002,3.2960000000000003,981726.0,91700657.0,277.039,2.966,tests performed,3.0,0.0,2.0,0.0,0.0,4.0,0.0,1.0,0.0,1.0,1.0,2.0,0.0,3.0,2.0,0.0,1.0,0.0,0.0,2.0,1.0,3.0,1.0,,0.0,6075652.0,184689.0,67.13,67.13,68.57,68.57,67.63,67.63,68.56,68.56,62.5,62.5
247,50751,USA,United States of America,2020-09-03,6114406.0,38754.0,18472.378,117.081,185744.0,1055.0,561.156,3.187,999970.0,92700627.0,280.06,3.0210000000000004,tests performed,3.0,0.0,2.0,0.0,0.0,4.0,0.0,1.0,0.0,1.0,1.0,2.0,0.0,3.0,2.0,0.0,1.0,0.0,0.0,2.0,1.0,3.0,1.0,,0.0,6114406.0,185744.0,67.13,67.13,68.57,68.57,67.63,67.63,68.56,68.56,62.5,62.5
248,50752,USA,United States of America,2020-09-04,6150655.0,36249.0,18581.891,109.513,186797.0,1053.0,564.337,3.181,1033801.0,93734428.0,283.183,3.123,tests performed,3.0,0.0,2.0,0.0,0.0,4.0,0.0,1.0,0.0,1.0,1.0,2.0,0.0,3.0,2.0,0.0,1.0,0.0,0.0,2.0,1.0,3.0,1.0,,0.0,6150655.0,186797.0,67.13,67.13,68.57,68.57,67.63,67.63,68.56,68.56,62.5,62.5
249,50753,USA,United States of America,2020-09-05,6201726.0,51071.0,18736.182,154.292,187765.0,968.0,567.261,2.924,858372.0,94592800.0,285.777,2.593,tests performed,3.0,0.0,2.0,0.0,0.0,4.0,0.0,1.0,0.0,1.0,1.0,2.0,0.0,3.0,2.0,0.0,1.0,0.0,0.0,2.0,1.0,3.0,1.0,,0.0,6201726.0,187765.0,67.13,67.13,68.57,68.57,67.63,67.63,68.56,68.56,62.5,62.5
250,50754,USA,United States of America,2020-09-06,6245866.0,44140.0,18869.535,133.352,188538.0,773.0,569.597,2.335,600610.0,95193410.0,287.591,1.815,tests performed,3.0,0.0,2.0,0.0,0.0,4.0,0.0,1.0,0.0,1.0,1.0,2.0,0.0,3.0,2.0,0.0,1.0,0.0,0.0,2.0,1.0,3.0,1.0,,0.0,6245866.0,188538.0,67.13,67.13,68.57,68.57,67.63,67.63,68.56,68.56,62.5,62.5
251,50755,USA,United States of America,2020-09-07,6276421.0,30555.0,18961.845,92.31,188941.0,403.0,570.814,1.218,447896.0,95641306.0,288.944,1.3530000000000002,tests performed,3.0,0.0,2.0,0.0,0.0,4.0,0.0,1.0,0.0,1.0,1.0,2.0,0.0,3.0,2.0,0.0,1.0,0.0,0.0,2.0,1.0,3.0,1.0,,0.0,6276421.0,188941.0,67.13,67.13,68.57,68.57,67.63,67.63,68.56,68.56,62.5,62.5
252,50756,USA,United States of America,2020-09-08,6300671.0,24250.0,19035.108,73.262,189208.0,267.0,571.621,0.807,616242.0,96257548.0,290.806,1.862,tests performed,3.0,0.0,2.0,0.0,0.0,4.0,0.0,1.0,0.0,1.0,1.0,2.0,0.0,3.0,2.0,0.0,1.0,0.0,0.0,2.0,1.0,3.0,1.0,,0.0,6300671.0,189208.0,67.13,67.13,68.57,68.57,67.63,67.63,68.56,68.56,62.5,62.5
253,50757,USA,United States of America,2020-09-09,6327793.0,27122.0,19117.047,81.939,189679.0,471.0,573.044,1.423,845785.0,97103333.0,293.361,2.555,tests performed,3.0,0.0,2.0,0.0,0.0,4.0,0.0,1.0,0.0,1.0,1.0,2.0,0.0,3.0,2.0,0.0,1.0,0.0,0.0,2.0,1.0,3.0,1.0,,0.0,6327793.0,189679.0,67.13,67.13,68.57,68.57,67.63,67.63,68.56,68.56,62.5,62.5
254,50758,USA,United States of America,2020-09-10,6359720.0,31927.0,19213.502,96.455,190815.0,1136.0,576.476,3.432,974029.0,98077362.0,296.3040000000001,2.943,tests performed,3.0,0.0,2.0,0.0,0.0,4.0,0.0,1.0,0.0,1.0,1.0,2.0,0.0,3.0,2.0,0.0,1.0,0.0,0.0,2.0,1.0,3.0,1.0,,0.0,6359720.0,190815.0,67.13,67.13,68.57,68.57,67.63,67.63,68.56,68.56,62.5,62.5
255,50759,USA,United States of America,2020-09-11,6397227.0,37507.0,19326.815,113.313,191789.0,974.0,579.418,2.943,1020142.0,99097504.0,299.386,3.082,tests performed,3.0,0.0,2.0,0.0,0.0,4.0,0.0,1.0,0.0,1.0,1.0,2.0,0.0,3.0,2.0,0.0,1.0,0.0,0.0,2.0,1.0,3.0,1.0,,0.0,6397227.0,191789.0,67.13,67.13,68.57,68.57,67.63,67.63,68.56,68.56,62.5,62.5
256,50760,USA,United States of America,2020-09-12,6445288.0,48061.0,19472.013,145.19799999999995,193016.0,1227.0,583.125,3.707,851970.0,99949474.0,301.96,2.574,tests performed,3.0,0.0,2.0,0.0,0.0,3.0,0.0,1.0,0.0,1.0,0.0,2.0,0.0,3.0,2.0,0.0,1.0,0.0,0.0,2.0,1.0,3.0,1.0,0.0,0.0,6445288.0,193016.0,62.5,62.5,66.67,66.67,64.42,64.42,64.77,64.77,62.5,62.5
257,50761,USA,United States of America,2020-09-13,6486108.0,40820.0,19595.336,123.322,193701.0,685.0,585.195,2.069,661079.0,100610553.0,303.957,1.997,tests performed,3.0,0.0,2.0,0.0,0.0,3.0,0.0,1.0,0.0,1.0,0.0,2.0,0.0,3.0,2.0,0.0,1.0,0.0,0.0,2.0,1.0,3.0,1.0,0.0,0.0,6486108.0,193701.0,62.5,62.5,66.67,66.67,64.42,64.42,64.77,64.77,62.5,62.5
258,50762,USA,United States of America,2020-09-14,6519979.0,33871.0,19697.664,102.328,194079.0,378.0,586.337,1.142,693929.0,101304482.0,306.053,2.096,tests performed,3.0,0.0,2.0,0.0,0.0,3.0,0.0,1.0,0.0,1.0,0.0,2.0,0.0,3.0,2.0,0.0,1.0,0.0,0.0,2.0,1.0,3.0,1.0,0.0,0.0,6519979.0,194079.0,62.5,62.5,66.67,66.67,64.42,64.42,64.77,64.77,62.5,62.5
259,50763,USA,United States of America,2020-09-15,6554820.0,34841.0,19802.923,105.259,194530.0,451.0,587.6990000000002,1.3630000000000002,929546.0,102234028.0,308.862,2.8080000000000003,tests performed,3.0,0.0,2.0,0.0,0.0,3.0,0.0,1.0,0.0,1.0,0.0,2.0,0.0,3.0,2.0,0.0,1.0,0.0,0.0,2.0,1.0,3.0,1.0,0.0,0.0,6554820.0,194530.0,62.5,62.5,66.67,66.67,64.42,64.42,64.77,64.77,62.5,62.5
260,50764,USA,United States of America,2020-09-16,6606293.0,51473.0,19958.43,155.506,195937.0,1407.0,591.95,4.251,1020932.0,103254960.0,311.946,3.084,tests performed,3.0,0.0,2.0,0.0,0.0,3.0,0.0,1.0,0.0,1.0,0.0,2.0,0.0,3.0,2.0,0.0,1.0,0.0,0.0,2.0,1.0,3.0,1.0,0.0,0.0,6606293.0,195937.0,62.5,62.5,66.67,66.67,64.42,64.42,64.77,64.77,62.5,62.5
261,50765,USA,United States of America,2020-09-17,6630891.0,24598.0,20032.743,74.314,196802.0,865.0,594.563,2.613,1119308.0,104374268.0,315.328,3.382,tests performed,3.0,0.0,2.0,0.0,0.0,3.0,0.0,1.0,0.0,1.0,0.0,2.0,0.0,3.0,2.0,0.0,1.0,0.0,0.0,2.0,1.0,3.0,1.0,0.0,0.0,6630891.0,196802.0,62.5,62.5,66.67,66.67,64.42,64.42,64.77,64.77,62.5,62.5
262,50766,USA,United States of America,2020-09-18,6674458.0,43567.0,20164.364,131.621,197633.0,831.0,597.0740000000002,2.511,1224696.0,105598964.0,319.028,3.7,tests performed,3.0,0.0,2.0,0.0,0.0,3.0,0.0,1.0,0.0,1.0,0.0,2.0,0.0,3.0,2.0,0.0,1.0,0.0,0.0,2.0,1.0,3.0,1.0,0.0,0.0,6674458.0,197633.0,62.5,62.5,66.67,66.67,64.42,64.42,64.77,64.77,62.5,62.5
263,50767,USA,United States of America,2020-09-19,6724667.0,50209.0,20316.052,151.688,198589.0,956.0,599.962,2.888,929033.0,106527997.0,321.834,2.807,tests performed,3.0,0.0,2.0,0.0,0.0,3.0,0.0,1.0,0.0,1.0,0.0,2.0,0.0,3.0,2.0,0.0,1.0,0.0,0.0,2.0,1.0,3.0,1.0,0.0,0.0,6724667.0,198589.0,62.5,62.5,66.67,66.67,64.42,64.42,64.77,64.77,62.5,62.5
264,50768,USA,United States of America,2020-09-20,6764962.0,40295.0,20437.788,121.736,199258.0,669.0,601.9830000000002,2.021,663187.0,107191184.0,323.838,2.004,tests performed,3.0,0.0,2.0,0.0,0.0,3.0,0.0,1.0,0.0,1.0,0.0,2.0,0.0,3.0,2.0,0.0,1.0,0.0,0.0,2.0,1.0,3.0,1.0,0.0,0.0,6764962.0,199258.0,62.5,62.5,66.67,66.67,64.42,64.42,64.77,64.77,62.5,62.5
265,50769,USA,United States of America,2020-09-21,6804814.0,39852.0,20558.186,120.398,199509.0,251.0,602.741,0.758,714651.0,107905835.0,325.997,2.1590000000000003,tests performed,3.0,0.0,2.0,0.0,0.0,3.0,0.0,1.0,0.0,1.0,0.0,2.0,0.0,3.0,2.0,0.0,1.0,0.0,0.0,2.0,1.0,3.0,1.0,0.0,0.0,6804814.0,199509.0,62.5,62.5,66.67,66.67,64.42,64.42,64.77,64.77,62.5,62.5
266,50770,USA,United States of America,2020-09-22,6857967.0,53153.0,20718.768,160.582,199881.0,372.0,603.865,1.124,934509.0,108840344.0,328.82,2.823,tests performed,3.0,0.0,2.0,0.0,0.0,3.0,0.0,1.0,0.0,1.0,0.0,2.0,0.0,3.0,2.0,0.0,1.0,0.0,0.0,2.0,1.0,3.0,1.0,0.0,0.0,6857967.0,199881.0,62.5,62.5,66.67,66.67,64.42,64.42,64.77,64.77,62.5,62.5
267,50771,USA,United States of America,2020-09-23,6896274.0,38307.0,20834.498,115.73,200807.0,926.0,606.663,2.798,1058726.0,109899070.0,332.019,3.199,tests performed,3.0,0.0,2.0,0.0,0.0,3.0,0.0,1.0,0.0,1.0,0.0,2.0,0.0,3.0,2.0,0.0,1.0,0.0,0.0,2.0,1.0,3.0,1.0,0.0,0.0,6896274.0,200807.0,62.5,62.5,66.67,66.67,64.42,64.42,64.77,64.77,62.5,62.5
268,50772,USA,United States of America,2020-09-24,6934204.0,37930.0,20949.089,114.591,201909.0,1102.0,609.992,3.329,1091595.0,110990665.0,335.31699999999995,3.298,tests performed,3.0,0.0,2.0,0.0,0.0,3.0,0.0,1.0,0.0,1.0,0.0,2.0,0.0,3.0,2.0,0.0,1.0,0.0,0.0,2.0,1.0,3.0,1.0,0.0,0.0,6934204.0,201909.0,62.5,62.5,66.67,66.67,64.42,64.42,64.77,64.77,62.5,62.5
269,50773,USA,United States of America,2020-09-25,6978417.0,44213.0,21082.662,133.57299999999998,202810.0,901.0,612.714,2.722,1070313.0,112060978.0,338.55,3.234,tests performed,3.0,0.0,2.0,0.0,0.0,3.0,0.0,1.0,0.0,1.0,0.0,2.0,0.0,3.0,2.0,0.0,1.0,0.0,0.0,2.0,1.0,3.0,1.0,0.0,0.0,6978417.0,202810.0,62.5,62.5,66.67,66.67,64.42,64.42,64.77,64.77,62.5,62.5
270,50774,USA,United States of America,2020-09-26,7033430.0,55013.0,21248.863,166.201,203774.0,964.0,615.626,2.912,932327.0,112993305.0,341.367,2.817,tests performed,3.0,0.0,2.0,0.0,0.0,3.0,0.0,1.0,0.0,1.0,0.0,2.0,0.0,3.0,2.0,0.0,1.0,0.0,0.0,2.0,1.0,3.0,1.0,0.0,0.0,7033430.0,203774.0,62.5,62.5,66.67,66.67,64.42,64.42,64.77,64.77,62.5,62.5
271,50775,USA,United States of America,2020-09-27,7078798.0,45368.0,21385.926,137.062,204497.0,723.0,617.811,2.184,636255.0,113629560.0,343.289,1.922,tests performed,3.0,0.0,2.0,0.0,0.0,3.0,0.0,1.0,0.0,1.0,0.0,2.0,0.0,3.0,2.0,0.0,1.0,0.0,0.0,2.0,1.0,3.0,1.0,0.0,0.0,7078798.0,204497.0,62.5,62.5,66.67,66.67,64.42,64.42,64.77,64.77,62.5,62.5
272,50776,USA,United States of America,2020-09-28,7115046.0,36248.0,21495.435,109.51,204756.0,259.0,618.5930000000002,0.782,539662.0,114169222.0,344.9190000000001,1.63,tests performed,3.0,0.0,2.0,0.0,0.0,3.0,0.0,1.0,0.0,1.0,0.0,2.0,0.0,3.0,2.0,0.0,1.0,0.0,0.0,2.0,1.0,3.0,1.0,0.0,0.0,7115046.0,204756.0,62.5,62.5,66.67,66.67,64.42,64.42,64.77,64.77,62.5,62.5
273,50777,USA,United States of America,2020-09-29,7148044.0,32998.0,21595.126,99.691,205070.0,314.0,619.5419999999998,0.949,305659.0,114474881.0,345.843,0.923,tests performed,,,,,,,,,,,,,,,,,,,,,,,,,,7148044.0,205070.0,,62.5,,66.67,,64.42,,64.77,,62.5
274,50778,USA,United States of America,2020-09-30,7191061.0,43017.0,21725.086,129.96,205998.0,928.0,622.345,2.804,,,,,,,,,,,,,,,,,,,,,,,,,,,,,,,7191061.0,205998.0,,62.5,,66.67,,64.42,,64.77,,62.5
275,50779,USA,United States of America,2020-10-01,7233043.0,41982.0,21851.919,126.833,206928.0,930.0,625.155,2.81,,,,,,,,,,,,,,,,,,,,,,,,,,,,,,,7233043.0,206928.0,,62.5,,66.67,,64.42,,64.77,,62.5
276,50780,USA,United States of America,2020-10-02,7277814.0,44771.0,21987.178,135.259,207808.0,880.0,627.814,2.659,,,,,,,,,,,,,,,,,,,,,,,,,,,,,,,7277814.0,207808.0,,62.5,,66.67,,64.42,,64.77,,62.5
